#
# DUMP FILE
#
# Database is ported from MS Access
#------------------------------------------------------------------
# Created using "MS Access to MySQL" form http://www.bullzip.com
# Program Version 5.4.274
#

CREATE DATABASE IF NOT EXISTS biblioteca CHARACTER SET utf8 COLLATE utf8_general_ci;

USE biblioteca;

#
# Table structure for table 'AMIGO'
#

DROP TABLE IF EXISTS `AMIGO`;

CREATE TABLE `AMIGO` (
  `NUM` INTEGER NOT NULL, 
  `NOMBRE` VARCHAR(60) NOT NULL, 
  `TELEFONO` VARCHAR(10), 
  PRIMARY KEY (`NUM`)
) ENGINE=maria DEFAULT CHARSET=utf8;

SET autocommit=1;

#
# Dumping data for table 'AMIGO'
#

INSERT INTO `AMIGO` (`NUM`, `NOMBRE`, `TELEFONO`) VALUES (1, 'Pepe Pérez Pérez', '555 123 12');
INSERT INTO `AMIGO` (`NUM`, `NOMBRE`, `TELEFONO`) VALUES (2, 'Isabel Peiró García', '555 446 56');
INSERT INTO `AMIGO` (`NUM`, `NOMBRE`, `TELEFONO`) VALUES (3, 'Marina Sánchez Vidal', '555 789 89');
INSERT INTO `AMIGO` (`NUM`, `NOMBRE`, `TELEFONO`) VALUES (4, 'Eloy Prim Gros', '555 566 54');
INSERT INTO `AMIGO` (`NUM`, `NOMBRE`, `TELEFONO`) VALUES (5, 'Yolanda Milanés Cuba', '555 458 78');
INSERT INTO `AMIGO` (`NUM`, `NOMBRE`, `TELEFONO`) VALUES (6, 'Félix Díaz Drac', '555 566 54');
INSERT INTO `AMIGO` (`NUM`, `NOMBRE`, `TELEFONO`) VALUES (7, 'Isidro Catalá Ferrer', '555 232 36');
# 7 records

#
# Table structure for table 'AUTOR'
#

DROP TABLE IF EXISTS `AUTOR`;

CREATE TABLE `AUTOR` (
  `AUTOR_ID` VARCHAR(4) NOT NULL, 
  `NOMBRE` VARCHAR(35), 
  `NACIONALIDAD` VARCHAR(20), 
  PRIMARY KEY (`AUTOR_ID`)
) ENGINE=maria DEFAULT CHARSET=utf8;

SET autocommit=1;

#
# Dumping data for table 'AUTOR'
#

INSERT INTO `AUTOR` (`AUTOR_ID`, `NOMBRE`, `NACIONALIDAD`) VALUES ('ADBI', 'Bioy Casares, Adolfo', 'Argentina');
INSERT INTO `AUTOR` (`AUTOR_ID`, `NOMBRE`, `NACIONALIDAD`) VALUES ('ADGA', 'García Morales, Adelaida', 'Española');
INSERT INTO `AUTOR` (`AUTOR_ID`, `NOMBRE`, `NACIONALIDAD`) VALUES ('ADJA', 'James, Adobe', NULL);
INSERT INTO `AUTOR` (`AUTOR_ID`, `NOMBRE`, `NACIONALIDAD`) VALUES ('ALBU', 'Budrys, Algis', NULL);
INSERT INTO `AUTOR` (`AUTOR_ID`, `NOMBRE`, `NACIONALIDAD`) VALUES ('ALCA', 'Camús, Albert', 'Francesa');
INSERT INTO `AUTOR` (`AUTOR_ID`, `NOMBRE`, `NACIONALIDAD`) VALUES ('ALCO', 'Cohen, Albert', 'Francesa');
INSERT INTO `AUTOR` (`AUTOR_ID`, `NOMBRE`, `NACIONALIDAD`) VALUES ('ALGA', 'Grandes , Almudena', 'Española');
INSERT INTO `AUTOR` (`AUTOR_ID`, `NOMBRE`, `NACIONALIDAD`) VALUES ('ALGR', 'Grosso, Alfonso', 'Española');
INSERT INTO `AUTOR` (`AUTOR_ID`, `NOMBRE`, `NACIONALIDAD`) VALUES ('ALHU', 'Huxley, Aldous', 'Inglesa');
INSERT INTO `AUTOR` (`AUTOR_ID`, `NOMBRE`, `NACIONALIDAD`) VALUES ('ALPU', 'Pushkin, Alexander S.', 'Rusa');
INSERT INTO `AUTOR` (`AUTOR_ID`, `NOMBRE`, `NACIONALIDAD`) VALUES ('ALWA', 'Walker, Alice', NULL);
INSERT INTO `AUTOR` (`AUTOR_ID`, `NOMBRE`, `NACIONALIDAD`) VALUES ('AMDE', 'De Miguel, Amando', 'Española');
INSERT INTO `AUTOR` (`AUTOR_ID`, `NOMBRE`, `NACIONALIDAD`) VALUES ('AMMA', 'Maalouf, Amin', NULL);
INSERT INTO `AUTOR` (`AUTOR_ID`, `NOMBRE`, `NACIONALIDAD`) VALUES ('AMPE', 'Perlmutter, Amos', NULL);
INSERT INTO `AUTOR` (`AUTOR_ID`, `NOMBRE`, `NACIONALIDAD`) VALUES ('AMTA', 'Tan, Amy', NULL);
INSERT INTO `AUTOR` (`AUTOR_ID`, `NOMBRE`, `NACIONALIDAD`) VALUES ('ANBU', 'Buero Vallejo, Antonio', 'Española');
INSERT INTO `AUTOR` (`AUTOR_ID`, `NOMBRE`, `NACIONALIDAD`) VALUES ('ANDE', 'Del Cambre, Anne-Marie', NULL);
INSERT INTO `AUTOR` (`AUTOR_ID`, `NOMBRE`, `NACIONALIDAD`) VALUES ('ANDS', 'De Saint-Exupéry, Antoine', NULL);
INSERT INTO `AUTOR` (`AUTOR_ID`, `NOMBRE`, `NACIONALIDAD`) VALUES ('ANGA', 'Gala, Antonio', 'Española');
INSERT INTO `AUTOR` (`AUTOR_ID`, `NOMBRE`, `NACIONALIDAD`) VALUES ('ANHA', 'Halam, Ann', NULL);
INSERT INTO `AUTOR` (`AUTOR_ID`, `NOMBRE`, `NACIONALIDAD`) VALUES ('ANMA', 'Machado, Antonio', 'Española');
INSERT INTO `AUTOR` (`AUTOR_ID`, `NOMBRE`, `NACIONALIDAD`) VALUES ('ANMU', 'Muñoz Molina, Antonio', 'Española');
INSERT INTO `AUTOR` (`AUTOR_ID`, `NOMBRE`, `NACIONALIDAD`) VALUES ('ARCL', 'Clarke, Arthur C.', 'Inglesa');
INSERT INTO `AUTOR` (`AUTOR_ID`, `NOMBRE`, `NACIONALIDAD`) VALUES ('ARCO', 'Conan Doyle, Arthur (Sir)', 'Inglesa');
INSERT INTO `AUTOR` (`AUTOR_ID`, `NOMBRE`, `NACIONALIDAD`) VALUES ('ARDE', 'De Hita, Arcipreste', 'Española');
INSERT INTO `AUTOR` (`AUTOR_ID`, `NOMBRE`, `NACIONALIDAD`) VALUES ('ARPE', 'Pérez Reverte, Arturo', 'Española');
INSERT INTO `AUTOR` (`AUTOR_ID`, `NOMBRE`, `NACIONALIDAD`) VALUES ('AUDH', 'D´Halmar, Augusto', NULL);
INSERT INTO `AUTOR` (`AUTOR_ID`, `NOMBRE`, `NACIONALIDAD`) VALUES ('AXMU', 'Munthe, Axel', NULL);
INSERT INTO `AUTOR` (`AUTOR_ID`, `NOMBRE`, `NACIONALIDAD`) VALUES ('AZOR', 'Martínez Ruíz, Jose; Azorín', 'Española');
INSERT INTO `AUTOR` (`AUTOR_ID`, `NOMBRE`, `NACIONALIDAD`) VALUES ('BACO', 'Copper, Basil', NULL);
INSERT INTO `AUTOR` (`AUTOR_ID`, `NOMBRE`, `NACIONALIDAD`) VALUES ('BALI', 'Lillo, Baldomero', NULL);
INSERT INTO `AUTOR` (`AUTOR_ID`, `NOMBRE`, `NACIONALIDAD`) VALUES ('BEAT', 'Atxaga, Bernardo', 'Española');
INSERT INTO `AUTOR` (`AUTOR_ID`, `NOMBRE`, `NACIONALIDAD`) VALUES ('BEIM', 'Imbert, Bertrand', NULL);
INSERT INTO `AUTOR` (`AUTOR_ID`, `NOMBRE`, `NACIONALIDAD`) VALUES ('BOPA', 'Pasternak, Boris L.', 'Rusa');
INSERT INTO `AUTOR` (`AUTOR_ID`, `NOMBRE`, `NACIONALIDAD`) VALUES ('BOVI', 'Vian, Boris', 'Francesa');
INSERT INTO `AUTOR` (`AUTOR_ID`, `NOMBRE`, `NACIONALIDAD`) VALUES ('CACE', 'Cela, Camilo José', 'Española');
INSERT INTO `AUTOR` (`AUTOR_ID`, `NOMBRE`, `NACIONALIDAD`) VALUES ('CAHE', 'Hempel, Carl G.', NULL);
INSERT INTO `AUTOR` (`AUTOR_ID`, `NOMBRE`, `NACIONALIDAD`) VALUES ('CALA', 'Laforet, Carmen', 'Española');
INSERT INTO `AUTOR` (`AUTOR_ID`, `NOMBRE`, `NACIONALIDAD`) VALUES ('CAMA', 'Martín Gaite, Carmen', 'Española');
INSERT INTO `AUTOR` (`AUTOR_ID`, `NOMBRE`, `NACIONALIDAD`) VALUES ('CAPE', 'Penella, Carmen', 'Española');
INSERT INTO `AUTOR` (`AUTOR_ID`, `NOMBRE`, `NACIONALIDAD`) VALUES ('CASU', 'Suetonio, Cayo', NULL);
INSERT INTO `AUTOR` (`AUTOR_ID`, `NOMBRE`, `NACIONALIDAD`) VALUES ('CHDI', 'Dickens, Charles', 'Inglesa');
INSERT INTO `AUTOR` (`AUTOR_ID`, `NOMBRE`, `NACIONALIDAD`) VALUES ('CHJO', 'Christopher, John', NULL);
INSERT INTO `AUTOR` (`AUTOR_ID`, `NOMBRE`, `NACIONALIDAD`) VALUES ('COMC', 'McCullough, Colleen', NULL);
INSERT INTO `AUTOR` (`AUTOR_ID`, `NOMBRE`, `NACIONALIDAD`) VALUES ('CRHU', 'Hudson, Cristopher', NULL);
INSERT INTO `AUTOR` (`AUTOR_ID`, `NOMBRE`, `NACIONALIDAD`) VALUES ('CRPE', 'Peris Rossi, Cristina', 'Española');
INSERT INTO `AUTOR` (`AUTOR_ID`, `NOMBRE`, `NACIONALIDAD`) VALUES ('DAGO', 'Goodis, David', NULL);
INSERT INTO `AUTOR` (`AUTOR_ID`, `NOMBRE`, `NACIONALIDAD`) VALUES ('DAHA', 'Hammett, Dashiell', NULL);
INSERT INTO `AUTOR` (`AUTOR_ID`, `NOMBRE`, `NACIONALIDAD`) VALUES ('DAKN', 'Knight, Damon', NULL);
INSERT INTO `AUTOR` (`AUTOR_ID`, `NOMBRE`, `NACIONALIDAD`) VALUES ('DALA', 'Lawrence, D. H.', NULL);
INSERT INTO `AUTOR` (`AUTOR_ID`, `NOMBRE`, `NACIONALIDAD`) VALUES ('DIFO', 'Fossey, Dian', NULL);
INSERT INTO `AUTOR` (`AUTOR_ID`, `NOMBRE`, `NACIONALIDAD`) VALUES ('DOLA', 'Lapierre, Dominique', 'Francesa');
INSERT INTO `AUTOR` (`AUTOR_ID`, `NOMBRE`, `NACIONALIDAD`) VALUES ('DOWE', 'Westlake, Donald E.', NULL);
INSERT INTO `AUTOR` (`AUTOR_ID`, `NOMBRE`, `NACIONALIDAD`) VALUES ('DUDE', 'De Rivas, Duque', 'Española');
INSERT INTO `AUTOR` (`AUTOR_ID`, `NOMBRE`, `NACIONALIDAD`) VALUES ('DURO', 'Rochefoucauld, Duque de la', NULL);
INSERT INTO `AUTOR` (`AUTOR_ID`, `NOMBRE`, `NACIONALIDAD`) VALUES ('ECRL', 'Lorac, E.C.L.', NULL);
INSERT INTO `AUTOR` (`AUTOR_ID`, `NOMBRE`, `NACIONALIDAD`) VALUES ('EDBA', 'Barrios, Eduardo', 'Española');
INSERT INTO `AUTOR` (`AUTOR_ID`, `NOMBRE`, `NACIONALIDAD`) VALUES ('EDMC', 'McBain, De', NULL);
INSERT INTO `AUTOR` (`AUTOR_ID`, `NOMBRE`, `NACIONALIDAD`) VALUES ('EDME', 'Mendoza, Eduardo', 'Española');
INSERT INTO `AUTOR` (`AUTOR_ID`, `NOMBRE`, `NACIONALIDAD`) VALUES ('EDMN', 'Mendicutti, Eduardo', NULL);
INSERT INTO `AUTOR` (`AUTOR_ID`, `NOMBRE`, `NACIONALIDAD`) VALUES ('EDPO', 'Poe, Edgar Allan', 'Estadounidense');
INSERT INTO `AUTOR` (`AUTOR_ID`, `NOMBRE`, `NACIONALIDAD`) VALUES ('ELPE', 'Peter, Ellis', NULL);
INSERT INTO `AUTOR` (`AUTOR_ID`, `NOMBRE`, `NACIONALIDAD`) VALUES ('ELPH', 'Phillips Oppenheim, El.', NULL);
INSERT INTO `AUTOR` (`AUTOR_ID`, `NOMBRE`, `NACIONALIDAD`) VALUES ('ELQU', 'Queen, Ellery', NULL);
INSERT INTO `AUTOR` (`AUTOR_ID`, `NOMBRE`, `NACIONALIDAD`) VALUES ('EMBR', 'Brontë, Emily', NULL);
INSERT INTO `AUTOR` (`AUTOR_ID`, `NOMBRE`, `NACIONALIDAD`) VALUES ('ERHE', 'Hemingway, Ernest', NULL);
INSERT INTO `AUTOR` (`AUTOR_ID`, `NOMBRE`, `NACIONALIDAD`) VALUES ('ERSE', 'Segal, Erich', NULL);
INSERT INTO `AUTOR` (`AUTOR_ID`, `NOMBRE`, `NACIONALIDAD`) VALUES ('ESTU', 'Tusquets, Esther', 'Española');
INSERT INTO `AUTOR` (`AUTOR_ID`, `NOMBRE`, `NACIONALIDAD`) VALUES ('ETTA', 'Taillemite, Étienne', NULL);
INSERT INTO `AUTOR` (`AUTOR_ID`, `NOMBRE`, `NACIONALIDAD`) VALUES ('FAFL', 'Flagg, Fannie', NULL);
INSERT INTO `AUTOR` (`AUTOR_ID`, `NOMBRE`, `NACIONALIDAD`) VALUES ('FEDE', 'Delgado, Fernando G.', 'Española');
INSERT INTO `AUTOR` (`AUTOR_ID`, `NOMBRE`, `NACIONALIDAD`) VALUES ('FEGA', 'García Lorca, Federico', 'Española');
INSERT INTO `AUTOR` (`AUTOR_ID`, `NOMBRE`, `NACIONALIDAD`) VALUES ('FEGN', 'Gana, Federico', NULL);
INSERT INTO `AUTOR` (`AUTOR_ID`, `NOMBRE`, `NACIONALIDAD`) VALUES ('FESA', 'Santiván, Fernando', NULL);
INSERT INTO `AUTOR` (`AUTOR_ID`, `NOMBRE`, `NACIONALIDAD`) VALUES ('FRBR', 'Brown, Fredric', NULL);
INSERT INTO `AUTOR` (`AUTOR_ID`, `NOMBRE`, `NACIONALIDAD`) VALUES ('FRFO', 'Forsyth, Frederick', NULL);
INSERT INTO `AUTOR` (`AUTOR_ID`, `NOMBRE`, `NACIONALIDAD`) VALUES ('FRKA', 'Kafka, Franz', NULL);
INSERT INTO `AUTOR` (`AUTOR_ID`, `NOMBRE`, `NACIONALIDAD`) VALUES ('FRLE', 'Leiber, Fritz', NULL);
INSERT INTO `AUTOR` (`AUTOR_ID`, `NOMBRE`, `NACIONALIDAD`) VALUES ('FSFI', 'Fitzgerald, F.Scott', NULL);
INSERT INTO `AUTOR` (`AUTOR_ID`, `NOMBRE`, `NACIONALIDAD`) VALUES ('GAGA', 'García Marquez, Gabriel', 'Colombiana');
INSERT INTO `AUTOR` (`AUTOR_ID`, `NOMBRE`, `NACIONALIDAD`) VALUES ('GECH', 'Chaucer, Geoffrey', NULL);
INSERT INTO `AUTOR` (`AUTOR_ID`, `NOMBRE`, `NACIONALIDAD`) VALUES ('GEKE', 'Kersh, Gerald', NULL);
INSERT INTO `AUTOR` (`AUTOR_ID`, `NOMBRE`, `NACIONALIDAD`) VALUES ('GESH', 'Shaw, George Bernard', NULL);
INSERT INTO `AUTOR` (`AUTOR_ID`, `NOMBRE`, `NACIONALIDAD`) VALUES ('GESI', 'Simenon, Georges', 'Estadounidense');
INSERT INTO `AUTOR` (`AUTOR_ID`, `NOMBRE`, `NACIONALIDAD`) VALUES ('GICH', 'Chesterton, Gilbert Keith', 'Inglesa');
INSERT INTO `AUTOR` (`AUTOR_ID`, `NOMBRE`, `NACIONALIDAD`) VALUES ('GOTO', 'Torrente Ballesteros, Gonzalo', 'Española');
INSERT INTO `AUTOR` (`AUTOR_ID`, `NOMBRE`, `NACIONALIDAD`) VALUES ('GOVI', 'Vidal, Gore', 'Estadounidense');
INSERT INTO `AUTOR` (`AUTOR_ID`, `NOMBRE`, `NACIONALIDAD`) VALUES ('GUAP', 'Apollinaire, Guillaume', 'Francesa');
INSERT INTO `AUTOR` (`AUTOR_ID`, `NOMBRE`, `NACIONALIDAD`) VALUES ('GUFL', 'Flaubert, Gustave', 'Francesa');
INSERT INTO `AUTOR` (`AUTOR_ID`, `NOMBRE`, `NACIONALIDAD`) VALUES ('HALE', 'Lee, Harper', NULL);
INSERT INTO `AUTOR` (`AUTOR_ID`, `NOMBRE`, `NACIONALIDAD`) VALUES ('HEJA', 'James, Henry', 'Estadounidense');
INSERT INTO `AUTOR` (`AUTOR_ID`, `NOMBRE`, `NACIONALIDAD`) VALUES ('HERA', 'Raucher, Herman', NULL);
INSERT INTO `AUTOR` (`AUTOR_ID`, `NOMBRE`, `NACIONALIDAD`) VALUES ('HESL', 'Slesar, Henry', NULL);
INSERT INTO `AUTOR` (`AUTOR_ID`, `NOMBRE`, `NACIONALIDAD`) VALUES ('HOME', 'Homero', 'Griega');
INSERT INTO `AUTOR` (`AUTOR_ID`, `NOMBRE`, `NACIONALIDAD`) VALUES ('IRCO', 'Cobb, Irving', NULL);
INSERT INTO `AUTOR` (`AUTOR_ID`, `NOMBRE`, `NACIONALIDAD`) VALUES ('IRSH', 'Shulman, Irving', NULL);
INSERT INTO `AUTOR` (`AUTOR_ID`, `NOMBRE`, `NACIONALIDAD`) VALUES ('ISAL', 'Allende, Isabel', 'Chilena');
INSERT INTO `AUTOR` (`AUTOR_ID`, `NOMBRE`, `NACIONALIDAD`) VALUES ('ISAS', 'Asimov, Isaac', NULL);
INSERT INTO `AUTOR` (`AUTOR_ID`, `NOMBRE`, `NACIONALIDAD`) VALUES ('ISDI', 'Dinesen, Isak', 'Danesa');
INSERT INTO `AUTOR` (`AUTOR_ID`, `NOMBRE`, `NACIONALIDAD`) VALUES ('IVTU', 'Turgueniev, Ivan', 'Rusa');
INSERT INTO `AUTOR` (`AUTOR_ID`, `NOMBRE`, `NACIONALIDAD`) VALUES ('JABA', 'Bayly, Jaime', 'Peruano');
INSERT INTO `AUTOR` (`AUTOR_ID`, `NOMBRE`, `NACIONALIDAD`) VALUES ('JACA', 'Cain, James C.', NULL);
INSERT INTO `AUTOR` (`AUTOR_ID`, `NOMBRE`, `NACIONALIDAD`) VALUES ('JAEL', 'Ellison, Jane', NULL);
INSERT INTO `AUTOR` (`AUTOR_ID`, `NOMBRE`, `NACIONALIDAD`) VALUES ('JAGA', 'García Sánchez, Javier', 'Española');
INSERT INTO `AUTOR` (`AUTOR_ID`, `NOMBRE`, `NACIONALIDAD`) VALUES ('JAGR', 'García Hortelano, Juan', NULL);
INSERT INTO `AUTOR` (`AUTOR_ID`, `NOMBRE`, `NACIONALIDAD`) VALUES ('JAHA', 'Hadley Chase, James', NULL);
INSERT INTO `AUTOR` (`AUTOR_ID`, `NOMBRE`, `NACIONALIDAD`) VALUES ('JAJO', 'Jones, James', NULL);
INSERT INTO `AUTOR` (`AUTOR_ID`, `NOMBRE`, `NACIONALIDAD`) VALUES ('JALO', 'London, Jack', 'Estadounidense');
INSERT INTO `AUTOR` (`AUTOR_ID`, `NOMBRE`, `NACIONALIDAD`) VALUES ('JAMA', 'Marías, Javier', 'Española');
INSERT INTO `AUTOR` (`AUTOR_ID`, `NOMBRE`, `NACIONALIDAD`) VALUES ('JEAM', 'Amóztegui, Jesús Ignacio Miguel', NULL);
INSERT INTO `AUTOR` (`AUTOR_ID`, `NOMBRE`, `NACIONALIDAD`) VALUES ('JEBE', 'Bermúdez López, Jesús', NULL);
INSERT INTO `AUTOR` (`AUTOR_ID`, `NOMBRE`, `NACIONALIDAD`) VALUES ('JECH', 'Chalon, Jean', NULL);
INSERT INTO `AUTOR` (`AUTOR_ID`, `NOMBRE`, `NACIONALIDAD`) VALUES ('JEFE', 'Ferrero, Jesús', 'Española');
INSERT INTO `AUTOR` (`AUTOR_ID`, `NOMBRE`, `NACIONALIDAD`) VALUES ('JEFR', 'Fernández Santos, Jesús', 'Española');
INSERT INTO `AUTOR` (`AUTOR_ID`, `NOMBRE`, `NACIONALIDAD`) VALUES ('JESA', 'Sartre, Jean-Paul', 'Francesa');
INSERT INTO `AUTOR` (`AUTOR_ID`, `NOMBRE`, `NACIONALIDAD`) VALUES ('JGBA', 'Ballard, J. G.', NULL);
INSERT INTO `AUTOR` (`AUTOR_ID`, `NOMBRE`, `NACIONALIDAD`) VALUES ('JOAL', 'Aldecoa, Josefina R.', 'Española');
INSERT INTO `AUTOR` (`AUTOR_ID`, `NOMBRE`, `NACIONALIDAD`) VALUES ('JOBE', 'Bello, Joaquín Edwards', NULL);
INSERT INTO `AUTOR` (`AUTOR_ID`, `NOMBRE`, `NACIONALIDAD`) VALUES ('JOBO', 'Borges, Jorge Luis', 'Argentina');
INSERT INTO `AUTOR` (`AUTOR_ID`, `NOMBRE`, `NACIONALIDAD`) VALUES ('JOBR', 'Borrell, Joaquín', 'Española');
INSERT INTO `AUTOR` (`AUTOR_ID`, `NOMBRE`, `NACIONALIDAD`) VALUES ('JOBU', 'Burek, John', NULL);
INSERT INTO `AUTOR` (`AUTOR_ID`, `NOMBRE`, `NACIONALIDAD`) VALUES ('JOCO', 'Conrad, Joseph', 'Estadounidense');
INSERT INTO `AUTOR` (`AUTOR_ID`, `NOMBRE`, `NACIONALIDAD`) VALUES ('JOCR', 'Cordovez Moure, José María', NULL);
INSERT INTO `AUTOR` (`AUTOR_ID`, `NOMBRE`, `NACIONALIDAD`) VALUES ('JOGI', 'Giménez-Frontín, José Luis', 'Española');
INSERT INTO `AUTOR` (`AUTOR_ID`, `NOMBRE`, `NACIONALIDAD`) VALUES ('JOLE', 'Le Carré, John', NULL);
INSERT INTO `AUTOR` (`AUTOR_ID`, `NOMBRE`, `NACIONALIDAD`) VALUES ('JOPL', 'Pla, Josep', 'Española');
INSERT INTO `AUTOR` (`AUTOR_ID`, `NOMBRE`, `NACIONALIDAD`) VALUES ('JORI', 'Riera de Leyva, José María', 'Española');
INSERT INTO `AUTOR` (`AUTOR_ID`, `NOMBRE`, `NACIONALIDAD`) VALUES ('JOSA', 'Sampedro, José Luis', 'Española');
INSERT INTO `AUTOR` (`AUTOR_ID`, `NOMBRE`, `NACIONALIDAD`) VALUES ('JOWY', 'Wyndham, John', NULL);
INSERT INTO `AUTOR` (`AUTOR_ID`, `NOMBRE`, `NACIONALIDAD`) VALUES ('JUCO', 'Cortázar, Julio', 'Argentina');
INSERT INTO `AUTOR` (`AUTOR_ID`, `NOMBRE`, `NACIONALIDAD`) VALUES ('JUGO', 'Goytisolo, Juan', 'Española');
INSERT INTO `AUTOR` (`AUTOR_ID`, `NOMBRE`, `NACIONALIDAD`) VALUES ('JUMI', 'Millás, Juan José', 'Española');
INSERT INTO `AUTOR` (`AUTOR_ID`, `NOMBRE`, `NACIONALIDAD`) VALUES ('JURU', 'Rulfo, Juan', NULL);
INSERT INTO `AUTOR` (`AUTOR_ID`, `NOMBRE`, `NACIONALIDAD`) VALUES ('JUVA', 'Valera, Juan', 'Española');
INSERT INTO `AUTOR` (`AUTOR_ID`, `NOMBRE`, `NACIONALIDAD`) VALUES ('JUVE', 'Verne, Jules', 'Francesa');
INSERT INTO `AUTOR` (`AUTOR_ID`, `NOMBRE`, `NACIONALIDAD`) VALUES ('KAHE', 'Hepburn, Katharine', 'Estadounidense');
INSERT INTO `AUTOR` (`AUTOR_ID`, `NOMBRE`, `NACIONALIDAD`) VALUES ('KEFO', 'Follet, Ken', 'Estadounidense');
INSERT INTO `AUTOR` (`AUTOR_ID`, `NOMBRE`, `NACIONALIDAD`) VALUES ('KEKE', 'Kesey, Ken', NULL);
INSERT INTO `AUTOR` (`AUTOR_ID`, `NOMBRE`, `NACIONALIDAD`) VALUES ('KEMO', 'Mourad, Kenizé', NULL);
INSERT INTO `AUTOR` (`AUTOR_ID`, `NOMBRE`, `NACIONALIDAD`) VALUES ('KUVO', 'Vonnegut, Kurt', NULL);
INSERT INTO `AUTOR` (`AUTOR_ID`, `NOMBRE`, `NACIONALIDAD`) VALUES ('LACO', 'Collins, Larry', NULL);
INSERT INTO `AUTOR` (`AUTOR_ID`, `NOMBRE`, `NACIONALIDAD`) VALUES ('LAES', 'Esquivel, Laura', 'Mejicana');
INSERT INTO `AUTOR` (`AUTOR_ID`, `NOMBRE`, `NACIONALIDAD`) VALUES ('LARI', 'Riding, Laura', NULL);
INSERT INTO `AUTOR` (`AUTOR_ID`, `NOMBRE`, `NACIONALIDAD`) VALUES ('LEAL', 'Alas \"Clarín\", Leopoldo', 'Española');
INSERT INTO `AUTOR` (`AUTOR_ID`, `NOMBRE`, `NACIONALIDAD`) VALUES ('LECA', 'Carroll, Lewis', 'Inglesa');
INSERT INTO `AUTOR` (`AUTOR_ID`, `NOMBRE`, `NACIONALIDAD`) VALUES ('LEFE', 'Fernández de Moratín, Leandro', 'Española');
INSERT INTO `AUTOR` (`AUTOR_ID`, `NOMBRE`, `NACIONALIDAD`) VALUES ('LETO', 'Tolstoi, León', 'Rusa');
INSERT INTO `AUTOR` (`AUTOR_ID`, `NOMBRE`, `NACIONALIDAD`) VALUES ('LEUR', 'Uris, León', NULL);
INSERT INTO `AUTOR` (`AUTOR_ID`, `NOMBRE`, `NACIONALIDAD`) VALUES ('LODE', 'De Vega, Lope', 'Española');
INSERT INTO `AUTOR` (`AUTOR_ID`, `NOMBRE`, `NACIONALIDAD`) VALUES ('LODU', 'Durand, Loup', NULL);
INSERT INTO `AUTOR` (`AUTOR_ID`, `NOMBRE`, `NACIONALIDAD`) VALUES ('LUDE', 'De Villena, Luis Antonio', 'Española');
INSERT INTO `AUTOR` (`AUTOR_ID`, `NOMBRE`, `NACIONALIDAD`) VALUES ('LULA', 'Landero, Luis', 'Española');
INSERT INTO `AUTOR` (`AUTOR_ID`, `NOMBRE`, `NACIONALIDAD`) VALUES ('LUMA', 'Magrinyá, Luis', 'Española');
INSERT INTO `AUTOR` (`AUTOR_ID`, `NOMBRE`, `NACIONALIDAD`) VALUES ('LUSE', 'Sepúlveda, Luis', 'Española');
INSERT INTO `AUTOR` (`AUTOR_ID`, `NOMBRE`, `NACIONALIDAD`) VALUES ('LUVE', 'Vélez de Guevara, Luis', 'Española');
INSERT INTO `AUTOR` (`AUTOR_ID`, `NOMBRE`, `NACIONALIDAD`) VALUES ('MABA', 'Bradbury, Malcom', NULL);
INSERT INTO `AUTOR` (`AUTOR_ID`, `NOMBRE`, `NACIONALIDAD`) VALUES ('MABR', 'Brunet, Marta', NULL);
INSERT INTO `AUTOR` (`AUTOR_ID`, `NOMBRE`, `NACIONALIDAD`) VALUES ('MADE', 'De Larra, Mariano José', 'Española');
INSERT INTO `AUTOR` (`AUTOR_ID`, `NOMBRE`, `NACIONALIDAD`) VALUES ('MADU', 'Duras, Marguerite', 'Francesa');
INSERT INTO `AUTOR` (`AUTOR_ID`, `NOMBRE`, `NACIONALIDAD`) VALUES ('MAGI', 'Gil Desco, Manuel', NULL);
INSERT INTO `AUTOR` (`AUTOR_ID`, `NOMBRE`, `NACIONALIDAD`) VALUES ('MAHA', 'Harris, Marvin', NULL);
INSERT INTO `AUTOR` (`AUTOR_ID`, `NOMBRE`, `NACIONALIDAD`) VALUES ('MALA', 'Latorre, Mariano', NULL);
INSERT INTO `AUTOR` (`AUTOR_ID`, `NOMBRE`, `NACIONALIDAD`) VALUES ('MALO', 'López , María del Sol', NULL);
INSERT INTO `AUTOR` (`AUTOR_ID`, `NOMBRE`, `NACIONALIDAD`) VALUES ('MAMI', 'Millar, Margaret', NULL);
INSERT INTO `AUTOR` (`AUTOR_ID`, `NOMBRE`, `NACIONALIDAD`) VALUES ('MAMT', 'Mitchell, Magaret', NULL);
INSERT INTO `AUTOR` (`AUTOR_ID`, `NOMBRE`, `NACIONALIDAD`) VALUES ('MAPU', 'Puzo, Mario', NULL);
INSERT INTO `AUTOR` (`AUTOR_ID`, `NOMBRE`, `NACIONALIDAD`) VALUES ('MARO', 'Rojas, Manuel', NULL);
INSERT INTO `AUTOR` (`AUTOR_ID`, `NOMBRE`, `NACIONALIDAD`) VALUES ('MASM', 'Smith, Martin Cruz', NULL);
INSERT INTO `AUTOR` (`AUTOR_ID`, `NOMBRE`, `NACIONALIDAD`) VALUES ('MAST', 'St. Clair, Margaret', NULL);
INSERT INTO `AUTOR` (`AUTOR_ID`, `NOMBRE`, `NACIONALIDAD`) VALUES ('MAVA', 'Vargas Llosa, Mario', 'Peruano');
INSERT INTO `AUTOR` (`AUTOR_ID`, `NOMBRE`, `NACIONALIDAD`) VALUES ('MAVQ', 'Vázquez Montalbán, Manuel', 'Española');
INSERT INTO `AUTOR` (`AUTOR_ID`, `NOMBRE`, `NACIONALIDAD`) VALUES ('MAVZ', 'Vázquez Alonso, Mariano', NULL);
INSERT INTO `AUTOR` (`AUTOR_ID`, `NOMBRE`, `NACIONALIDAD`) VALUES ('MAYO', 'Yourcenar, Marguerite', 'Francesa');
INSERT INTO `AUTOR` (`AUTOR_ID`, `NOMBRE`, `NACIONALIDAD`) VALUES ('MESA', 'Salisachs, Mercedes', 'Española');
INSERT INTO `AUTOR` (`AUTOR_ID`, `NOMBRE`, `NACIONALIDAD`) VALUES ('MIAL', 'Allen de  Ford, Miriam', NULL);
INSERT INTO `AUTOR` (`AUTOR_ID`, `NOMBRE`, `NACIONALIDAD`) VALUES ('MIBU', 'Burt, Michael', NULL);
INSERT INTO `AUTOR` (`AUTOR_ID`, `NOMBRE`, `NACIONALIDAD`) VALUES ('MIDE', 'De Unamuno, Miguel', 'Española');
INSERT INTO `AUTOR` (`AUTOR_ID`, `NOMBRE`, `NACIONALIDAD`) VALUES ('MIDL', 'Delibes, Miguel', 'Española');
INSERT INTO `AUTOR` (`AUTOR_ID`, `NOMBRE`, `NACIONALIDAD`) VALUES ('MIHE', 'Hernández, Miguel', 'Española');
INSERT INTO `AUTOR` (`AUTOR_ID`, `NOMBRE`, `NACIONALIDAD`) VALUES ('MIKU', 'Kundera, Milan', 'Checa');
INSERT INTO `AUTOR` (`AUTOR_ID`, `NOMBRE`, `NACIONALIDAD`) VALUES ('MIMO', 'Montignac, Michel', 'Francesa');
INSERT INTO `AUTOR` (`AUTOR_ID`, `NOMBRE`, `NACIONALIDAD`) VALUES ('MOWE', 'West, Morris', NULL);
INSERT INTO `AUTOR` (`AUTOR_ID`, `NOMBRE`, `NACIONALIDAD`) VALUES ('NIMO', 'Monsarrat, Nicholas', NULL);
INSERT INTO `AUTOR` (`AUTOR_ID`, `NOMBRE`, `NACIONALIDAD`) VALUES ('NUBA', 'Barker, Nugent', NULL);
INSERT INTO `AUTOR` (`AUTOR_ID`, `NOMBRE`, `NACIONALIDAD`) VALUES ('OSWI', 'Wilde, Oscar', 'Inglesa');
INSERT INTO `AUTOR` (`AUTOR_ID`, `NOMBRE`, `NACIONALIDAD`) VALUES ('OVID', 'Ovidio', NULL);
INSERT INTO `AUTOR` (`AUTOR_ID`, `NOMBRE`, `NACIONALIDAD`) VALUES ('PAHI', 'Highsmith, Patricia', NULL);
INSERT INTO `AUTOR` (`AUTOR_ID`, `NOMBRE`, `NACIONALIDAD`) VALUES ('PANE', 'Neruda, Pablo', 'Chilena');
INSERT INTO `AUTOR` (`AUTOR_ID`, `NOMBRE`, `NACIONALIDAD`) VALUES ('PASU', 'Süskind, Patrick', NULL);
INSERT INTO `AUTOR` (`AUTOR_ID`, `NOMBRE`, `NACIONALIDAD`) VALUES ('PEBU', 'Buck, Pearl S.', NULL);
INSERT INTO `AUTOR` (`AUTOR_ID`, `NOMBRE`, `NACIONALIDAD`) VALUES ('PECA', 'Casáldaliga, Pedro', 'Chilena');
INSERT INTO `AUTOR` (`AUTOR_ID`, `NOMBRE`, `NACIONALIDAD`) VALUES ('PEZA', 'Zarraluki, Pedro', 'Española');
INSERT INTO `AUTOR` (`AUTOR_ID`, `NOMBRE`, `NACIONALIDAD`) VALUES ('PGWO', 'Wodehouse, P. G.', NULL);
INSERT INTO `AUTOR` (`AUTOR_ID`, `NOMBRE`, `NACIONALIDAD`) VALUES ('PHVA', 'Vandenberg, Philipp', NULL);
INSERT INTO `AUTOR` (`AUTOR_ID`, `NOMBRE`, `NACIONALIDAD`) VALUES ('PIBR', 'Briant, Pierre', NULL);
INSERT INTO `AUTOR` (`AUTOR_ID`, `NOMBRE`, `NACIONALIDAD`) VALUES ('PIVE', 'Véry, Pierre', NULL);
INSERT INTO `AUTOR` (`AUTOR_ID`, `NOMBRE`, `NACIONALIDAD`) VALUES ('RABE', 'Benedito Fornas, Rafael', NULL);
INSERT INTO `AUTOR` (`AUTOR_ID`, `NOMBRE`, `NACIONALIDAD`) VALUES ('RACE', 'Cebrián, Rafael', NULL);
INSERT INTO `AUTOR` (`AUTOR_ID`, `NOMBRE`, `NACIONALIDAD`) VALUES ('RACH', 'Chandler, Raymon', 'Estadounidense');
INSERT INTO `AUTOR` (`AUTOR_ID`, `NOMBRE`, `NACIONALIDAD`) VALUES ('RAJA', 'Jamis, Rauda', NULL);
INSERT INTO `AUTOR` (`AUTOR_ID`, `NOMBRE`, `NACIONALIDAD`) VALUES ('RAMA', 'Maluenda, Rafael', NULL);
INSERT INTO `AUTOR` (`AUTOR_ID`, `NOMBRE`, `NACIONALIDAD`) VALUES ('RAPE', 'Pérez de Ayala, Ramón', 'Española');
INSERT INTO `AUTOR` (`AUTOR_ID`, `NOMBRE`, `NACIONALIDAD`) VALUES ('RAQU', 'Queneau, Raymond', NULL);
INSERT INTO `AUTOR` (`AUTOR_ID`, `NOMBRE`, `NACIONALIDAD`) VALUES ('RARU', 'Rusell, Ray', NULL);
INSERT INTO `AUTOR` (`AUTOR_ID`, `NOMBRE`, `NACIONALIDAD`) VALUES ('RASE', 'Sender, Ramón J.', 'Española');
INSERT INTO `AUTOR` (`AUTOR_ID`, `NOMBRE`, `NACIONALIDAD`) VALUES ('REST', 'Stout, Rex', NULL);
INSERT INTO `AUTOR` (`AUTOR_ID`, `NOMBRE`, `NACIONALIDAD`) VALUES ('RIDA', 'Dawkins, Richard', NULL);
INSERT INTO `AUTOR` (`AUTOR_ID`, `NOMBRE`, `NACIONALIDAD`) VALUES ('ROAR', 'Arthur, Robert', NULL);
INSERT INTO `AUTOR` (`AUTOR_ID`, `NOMBRE`, `NACIONALIDAD`) VALUES ('ROCH', 'Chacel, Rosa', 'Española');
INSERT INTO `AUTOR` (`AUTOR_ID`, `NOMBRE`, `NACIONALIDAD`) VALUES ('ROET', 'Etienne, Robert', NULL);
INSERT INTO `AUTOR` (`AUTOR_ID`, `NOMBRE`, `NACIONALIDAD`) VALUES ('ROGR', 'Graves, Robert', NULL);
INSERT INTO `AUTOR` (`AUTOR_ID`, `NOMBRE`, `NACIONALIDAD`) VALUES ('ROMO', 'Montero, Rosa', 'Española');
INSERT INTO `AUTOR` (`AUTOR_ID`, `NOMBRE`, `NACIONALIDAD`) VALUES ('ROSO', 'Somerlott, Robert', NULL);
INSERT INTO `AUTOR` (`AUTOR_ID`, `NOMBRE`, `NACIONALIDAD`) VALUES ('ROSP', 'Spetch, Robert', NULL);
INSERT INTO `AUTOR` (`AUTOR_ID`, `NOMBRE`, `NACIONALIDAD`) VALUES ('ROST', 'Stevenson, Robert Louis', 'Inglesa');
INSERT INTO `AUTOR` (`AUTOR_ID`, `NOMBRE`, `NACIONALIDAD`) VALUES ('RUKI', 'Kipling, Rudyard', NULL);
INSERT INTO `AUTOR` (`AUTOR_ID`, `NOMBRE`, `NACIONALIDAD`) VALUES ('SASA', 'Santerbás, Santiago R.', NULL);
INSERT INTO `AUTOR` (`AUTOR_ID`, `NOMBRE`, `NACIONALIDAD`) VALUES ('SIOR', 'Ortega, Simone', NULL);
INSERT INTO `AUTOR` (`AUTOR_ID`, `NOMBRE`, `NACIONALIDAD`) VALUES ('SISH', 'Sheldon, Sidney', NULL);
INSERT INTO `AUTOR` (`AUTOR_ID`, `NOMBRE`, `NACIONALIDAD`) VALUES ('SOPU', 'Puértolas, Soledad', 'Española');
INSERT INTO `AUTOR` (`AUTOR_ID`, `NOMBRE`, `NACIONALIDAD`) VALUES ('STEL', 'Ellin, Stanley', NULL);
INSERT INTO `AUTOR` (`AUTOR_ID`, `NOMBRE`, `NACIONALIDAD`) VALUES ('STLE', 'Lem, Stanislaw', NULL);
INSERT INTO `AUTOR` (`AUTOR_ID`, `NOMBRE`, `NACIONALIDAD`) VALUES ('TECA', 'Cabestrero, Teófilo', NULL);
INSERT INTO `AUTOR` (`AUTOR_ID`, `NOMBRE`, `NACIONALIDAD`) VALUES ('TEMO', 'Moix, Terenci', 'Española');
INSERT INTO `AUTOR` (`AUTOR_ID`, `NOMBRE`, `NACIONALIDAD`) VALUES ('THDI', 'Disch, Thomas M.', NULL);
INSERT INTO `AUTOR` (`AUTOR_ID`, `NOMBRE`, `NACIONALIDAD`) VALUES ('THHA', 'Harris, Thomas', NULL);
INSERT INTO `AUTOR` (`AUTOR_ID`, `NOMBRE`, `NACIONALIDAD`) VALUES ('THMA', 'Mann, Thomas', 'Alemana');
INSERT INTO `AUTOR` (`AUTOR_ID`, `NOMBRE`, `NACIONALIDAD`) VALUES ('THST', 'Sturgeon, Theodore', NULL);
INSERT INTO `AUTOR` (`AUTOR_ID`, `NOMBRE`, `NACIONALIDAD`) VALUES ('THWH', 'White, T. H.', NULL);
INSERT INTO `AUTOR` (`AUTOR_ID`, `NOMBRE`, `NACIONALIDAD`) VALUES ('TIDE', 'De Molina, Tirso', 'Española');
INSERT INTO `AUTOR` (`AUTOR_ID`, `NOMBRE`, `NACIONALIDAD`) VALUES ('TOCL', 'Clancy, Tom', NULL);
INSERT INTO `AUTOR` (`AUTOR_ID`, `NOMBRE`, `NACIONALIDAD`) VALUES ('TOMO', 'Moro, Tomás', 'Italiana');
INSERT INTO `AUTOR` (`AUTOR_ID`, `NOMBRE`, `NACIONALIDAD`) VALUES ('TOSH', 'Sharp, Tom', NULL);
INSERT INTO `AUTOR` (`AUTOR_ID`, `NOMBRE`, `NACIONALIDAD`) VALUES ('UMEC', 'Eco, Umberto', 'Italiana');
INSERT INTO `AUTOR` (`AUTOR_ID`, `NOMBRE`, `NACIONALIDAD`) VALUES ('VIBA', 'Baum, Vicky', 'Inglesa');
INSERT INTO `AUTOR` (`AUTOR_ID`, `NOMBRE`, `NACIONALIDAD`) VALUES ('VIHE', 'Hernando, Violeta', NULL);
INSERT INTO `AUTOR` (`AUTOR_ID`, `NOMBRE`, `NACIONALIDAD`) VALUES ('VLBA', 'Bartol, Vladimir', NULL);
INSERT INTO `AUTOR` (`AUTOR_ID`, `NOMBRE`, `NACIONALIDAD`) VALUES ('WAIR', 'Irving, Washington', NULL);
INSERT INTO `AUTOR` (`AUTOR_ID`, `NOMBRE`, `NACIONALIDAD`) VALUES ('WICO', 'Collins, Wilkie', 'Inglesa');
INSERT INTO `AUTOR` (`AUTOR_ID`, `NOMBRE`, `NACIONALIDAD`) VALUES ('WIFA', 'Faulkner, William', 'Estadounidense');
INSERT INTO `AUTOR` (`AUTOR_ID`, `NOMBRE`, `NACIONALIDAD`) VALUES ('WISA', 'Sambrot, William', NULL);
INSERT INTO `AUTOR` (`AUTOR_ID`, `NOMBRE`, `NACIONALIDAD`) VALUES ('WIVA', 'Van Orman Quine, Willard', NULL);
INSERT INTO `AUTOR` (`AUTOR_ID`, `NOMBRE`, `NACIONALIDAD`) VALUES ('WIWO', 'Wood, William', NULL);
INSERT INTO `AUTOR` (`AUTOR_ID`, `NOMBRE`, `NACIONALIDAD`) VALUES ('GRGR', 'Green, Graham', 'Estadounidense');
# 244 records

#
# Table structure for table 'ESCRIBIR'
#

DROP TABLE IF EXISTS `ESCRIBIR`;

CREATE TABLE `ESCRIBIR` (
  `AUTOR_ID` VARCHAR(4) NOT NULL, 
  `COD_OB` DOUBLE NOT NULL, 
  PRIMARY KEY (`AUTOR_ID`, `COD_OB`)
) ENGINE=maria DEFAULT CHARSET=utf8;

SET autocommit=1;

#
# Dumping data for table 'ESCRIBIR'
#

INSERT INTO `ESCRIBIR` (`AUTOR_ID`, `COD_OB`) VALUES ('ADBI', 399);
INSERT INTO `ESCRIBIR` (`AUTOR_ID`, `COD_OB`) VALUES ('ADGA', 371);
INSERT INTO `ESCRIBIR` (`AUTOR_ID`, `COD_OB`) VALUES ('ADJA', 239);
INSERT INTO `ESCRIBIR` (`AUTOR_ID`, `COD_OB`) VALUES ('ALBU', 248);
INSERT INTO `ESCRIBIR` (`AUTOR_ID`, `COD_OB`) VALUES ('ALCA', 418);
INSERT INTO `ESCRIBIR` (`AUTOR_ID`, `COD_OB`) VALUES ('ALCO', 129);
INSERT INTO `ESCRIBIR` (`AUTOR_ID`, `COD_OB`) VALUES ('ALGA', 11);
INSERT INTO `ESCRIBIR` (`AUTOR_ID`, `COD_OB`) VALUES ('ALGR', 56);
INSERT INTO `ESCRIBIR` (`AUTOR_ID`, `COD_OB`) VALUES ('ALHU', 21);
INSERT INTO `ESCRIBIR` (`AUTOR_ID`, `COD_OB`) VALUES ('ALPU', 456);
INSERT INTO `ESCRIBIR` (`AUTOR_ID`, `COD_OB`) VALUES ('ALWA', 127);
INSERT INTO `ESCRIBIR` (`AUTOR_ID`, `COD_OB`) VALUES ('AMDE', 132);
INSERT INTO `ESCRIBIR` (`AUTOR_ID`, `COD_OB`) VALUES ('AMMA', 320);
INSERT INTO `ESCRIBIR` (`AUTOR_ID`, `COD_OB`) VALUES ('AMMA', 321);
INSERT INTO `ESCRIBIR` (`AUTOR_ID`, `COD_OB`) VALUES ('AMMA', 322);
INSERT INTO `ESCRIBIR` (`AUTOR_ID`, `COD_OB`) VALUES ('AMPE', 10);
INSERT INTO `ESCRIBIR` (`AUTOR_ID`, `COD_OB`) VALUES ('AMTA', 458);
INSERT INTO `ESCRIBIR` (`AUTOR_ID`, `COD_OB`) VALUES ('ANBU', 263);
INSERT INTO `ESCRIBIR` (`AUTOR_ID`, `COD_OB`) VALUES ('ANBU', 264);
INSERT INTO `ESCRIBIR` (`AUTOR_ID`, `COD_OB`) VALUES ('ANDE', 5);
INSERT INTO `ESCRIBIR` (`AUTOR_ID`, `COD_OB`) VALUES ('ANDS', 421);
INSERT INTO `ESCRIBIR` (`AUTOR_ID`, `COD_OB`) VALUES ('ANGA', 359);
INSERT INTO `ESCRIBIR` (`AUTOR_ID`, `COD_OB`) VALUES ('ANHA', 451);
INSERT INTO `ESCRIBIR` (`AUTOR_ID`, `COD_OB`) VALUES ('ANMA', 386);
INSERT INTO `ESCRIBIR` (`AUTOR_ID`, `COD_OB`) VALUES ('ANMU', 330);
INSERT INTO `ESCRIBIR` (`AUTOR_ID`, `COD_OB`) VALUES ('ARCL', 568);
INSERT INTO `ESCRIBIR` (`AUTOR_ID`, `COD_OB`) VALUES ('ARCL', 569);
INSERT INTO `ESCRIBIR` (`AUTOR_ID`, `COD_OB`) VALUES ('ARCL', 570);
INSERT INTO `ESCRIBIR` (`AUTOR_ID`, `COD_OB`) VALUES ('ARCL', 571);
INSERT INTO `ESCRIBIR` (`AUTOR_ID`, `COD_OB`) VALUES ('ARCL', 572);
INSERT INTO `ESCRIBIR` (`AUTOR_ID`, `COD_OB`) VALUES ('ARCL', 573);
INSERT INTO `ESCRIBIR` (`AUTOR_ID`, `COD_OB`) VALUES ('ARCL', 574);
INSERT INTO `ESCRIBIR` (`AUTOR_ID`, `COD_OB`) VALUES ('ARCL', 575);
INSERT INTO `ESCRIBIR` (`AUTOR_ID`, `COD_OB`) VALUES ('ARCL', 576);
INSERT INTO `ESCRIBIR` (`AUTOR_ID`, `COD_OB`) VALUES ('ARCL', 577);
INSERT INTO `ESCRIBIR` (`AUTOR_ID`, `COD_OB`) VALUES ('ARCL', 578);
INSERT INTO `ESCRIBIR` (`AUTOR_ID`, `COD_OB`) VALUES ('ARCL', 579);
INSERT INTO `ESCRIBIR` (`AUTOR_ID`, `COD_OB`) VALUES ('ARCL', 580);
INSERT INTO `ESCRIBIR` (`AUTOR_ID`, `COD_OB`) VALUES ('ARCL', 581);
INSERT INTO `ESCRIBIR` (`AUTOR_ID`, `COD_OB`) VALUES ('ARCL', 582);
INSERT INTO `ESCRIBIR` (`AUTOR_ID`, `COD_OB`) VALUES ('ARCO', 66);
INSERT INTO `ESCRIBIR` (`AUTOR_ID`, `COD_OB`) VALUES ('ARCO', 67);
INSERT INTO `ESCRIBIR` (`AUTOR_ID`, `COD_OB`) VALUES ('ARCO', 68);
INSERT INTO `ESCRIBIR` (`AUTOR_ID`, `COD_OB`) VALUES ('ARCO', 69);
INSERT INTO `ESCRIBIR` (`AUTOR_ID`, `COD_OB`) VALUES ('ARCO', 70);
INSERT INTO `ESCRIBIR` (`AUTOR_ID`, `COD_OB`) VALUES ('ARCO', 71);
INSERT INTO `ESCRIBIR` (`AUTOR_ID`, `COD_OB`) VALUES ('ARCO', 72);
INSERT INTO `ESCRIBIR` (`AUTOR_ID`, `COD_OB`) VALUES ('ARCO', 73);
INSERT INTO `ESCRIBIR` (`AUTOR_ID`, `COD_OB`) VALUES ('ARCO', 74);
INSERT INTO `ESCRIBIR` (`AUTOR_ID`, `COD_OB`) VALUES ('ARCO', 75);
INSERT INTO `ESCRIBIR` (`AUTOR_ID`, `COD_OB`) VALUES ('ARCO', 76);
INSERT INTO `ESCRIBIR` (`AUTOR_ID`, `COD_OB`) VALUES ('ARCO', 77);
INSERT INTO `ESCRIBIR` (`AUTOR_ID`, `COD_OB`) VALUES ('ARCO', 78);
INSERT INTO `ESCRIBIR` (`AUTOR_ID`, `COD_OB`) VALUES ('ARDE', 260);
INSERT INTO `ESCRIBIR` (`AUTOR_ID`, `COD_OB`) VALUES ('ARPE', 379);
INSERT INTO `ESCRIBIR` (`AUTOR_ID`, `COD_OB`) VALUES ('ARPE', 380);
INSERT INTO `ESCRIBIR` (`AUTOR_ID`, `COD_OB`) VALUES ('AUDH', 46);
INSERT INTO `ESCRIBIR` (`AUTOR_ID`, `COD_OB`) VALUES ('AXMU', 430);
INSERT INTO `ESCRIBIR` (`AUTOR_ID`, `COD_OB`) VALUES ('AZOR', 266);
INSERT INTO `ESCRIBIR` (`AUTOR_ID`, `COD_OB`) VALUES ('AZOR', 267);
INSERT INTO `ESCRIBIR` (`AUTOR_ID`, `COD_OB`) VALUES ('AZOR', 268);
INSERT INTO `ESCRIBIR` (`AUTOR_ID`, `COD_OB`) VALUES ('AZOR', 269);
INSERT INTO `ESCRIBIR` (`AUTOR_ID`, `COD_OB`) VALUES ('AZOR', 270);
INSERT INTO `ESCRIBIR` (`AUTOR_ID`, `COD_OB`) VALUES ('AZOR', 271);
INSERT INTO `ESCRIBIR` (`AUTOR_ID`, `COD_OB`) VALUES ('AZOR', 272);
INSERT INTO `ESCRIBIR` (`AUTOR_ID`, `COD_OB`) VALUES ('AZOR', 273);
INSERT INTO `ESCRIBIR` (`AUTOR_ID`, `COD_OB`) VALUES ('AZOR', 274);
INSERT INTO `ESCRIBIR` (`AUTOR_ID`, `COD_OB`) VALUES ('AZOR', 275);
INSERT INTO `ESCRIBIR` (`AUTOR_ID`, `COD_OB`) VALUES ('AZOR', 276);
INSERT INTO `ESCRIBIR` (`AUTOR_ID`, `COD_OB`) VALUES ('AZOR', 277);
INSERT INTO `ESCRIBIR` (`AUTOR_ID`, `COD_OB`) VALUES ('AZOR', 278);
INSERT INTO `ESCRIBIR` (`AUTOR_ID`, `COD_OB`) VALUES ('AZOR', 279);
INSERT INTO `ESCRIBIR` (`AUTOR_ID`, `COD_OB`) VALUES ('AZOR', 280);
INSERT INTO `ESCRIBIR` (`AUTOR_ID`, `COD_OB`) VALUES ('AZOR', 281);
INSERT INTO `ESCRIBIR` (`AUTOR_ID`, `COD_OB`) VALUES ('AZOR', 282);
INSERT INTO `ESCRIBIR` (`AUTOR_ID`, `COD_OB`) VALUES ('AZOR', 283);
INSERT INTO `ESCRIBIR` (`AUTOR_ID`, `COD_OB`) VALUES ('AZOR', 284);
INSERT INTO `ESCRIBIR` (`AUTOR_ID`, `COD_OB`) VALUES ('BACO', 227);
INSERT INTO `ESCRIBIR` (`AUTOR_ID`, `COD_OB`) VALUES ('BALI', 44);
INSERT INTO `ESCRIBIR` (`AUTOR_ID`, `COD_OB`) VALUES ('BEAT', 403);
INSERT INTO `ESCRIBIR` (`AUTOR_ID`, `COD_OB`) VALUES ('BEIM', 346);
INSERT INTO `ESCRIBIR` (`AUTOR_ID`, `COD_OB`) VALUES ('BOPA', 468);
INSERT INTO `ESCRIBIR` (`AUTOR_ID`, `COD_OB`) VALUES ('BOVI', 360);
INSERT INTO `ESCRIBIR` (`AUTOR_ID`, `COD_OB`) VALUES ('BOVI', 361);
INSERT INTO `ESCRIBIR` (`AUTOR_ID`, `COD_OB`) VALUES ('BOVI', 362);
INSERT INTO `ESCRIBIR` (`AUTOR_ID`, `COD_OB`) VALUES ('BOVI', 363);
INSERT INTO `ESCRIBIR` (`AUTOR_ID`, `COD_OB`) VALUES ('BOVI', 364);
INSERT INTO `ESCRIBIR` (`AUTOR_ID`, `COD_OB`) VALUES ('CACE', 190);
INSERT INTO `ESCRIBIR` (`AUTOR_ID`, `COD_OB`) VALUES ('CACE', 191);
INSERT INTO `ESCRIBIR` (`AUTOR_ID`, `COD_OB`) VALUES ('CACE', 310);
INSERT INTO `ESCRIBIR` (`AUTOR_ID`, `COD_OB`) VALUES ('CACE', 387);
INSERT INTO `ESCRIBIR` (`AUTOR_ID`, `COD_OB`) VALUES ('CAHE', 417);
INSERT INTO `ESCRIBIR` (`AUTOR_ID`, `COD_OB`) VALUES ('CALA', 368);
INSERT INTO `ESCRIBIR` (`AUTOR_ID`, `COD_OB`) VALUES ('CAMA', 34);
INSERT INTO `ESCRIBIR` (`AUTOR_ID`, `COD_OB`) VALUES ('CAMA', 177);
INSERT INTO `ESCRIBIR` (`AUTOR_ID`, `COD_OB`) VALUES ('CAMA', 180);
INSERT INTO `ESCRIBIR` (`AUTOR_ID`, `COD_OB`) VALUES ('CAMA', 259);
INSERT INTO `ESCRIBIR` (`AUTOR_ID`, `COD_OB`) VALUES ('CAMA', 344);
INSERT INTO `ESCRIBIR` (`AUTOR_ID`, `COD_OB`) VALUES ('CAMA', 347);
INSERT INTO `ESCRIBIR` (`AUTOR_ID`, `COD_OB`) VALUES ('CAMA', 348);
INSERT INTO `ESCRIBIR` (`AUTOR_ID`, `COD_OB`) VALUES ('CAMA', 350);
INSERT INTO `ESCRIBIR` (`AUTOR_ID`, `COD_OB`) VALUES ('CAMA', 351);
INSERT INTO `ESCRIBIR` (`AUTOR_ID`, `COD_OB`) VALUES ('CAMA', 352);
INSERT INTO `ESCRIBIR` (`AUTOR_ID`, `COD_OB`) VALUES ('CAMA', 394);
INSERT INTO `ESCRIBIR` (`AUTOR_ID`, `COD_OB`) VALUES ('CAMA', 524);
INSERT INTO `ESCRIBIR` (`AUTOR_ID`, `COD_OB`) VALUES ('CAMA', 583);
INSERT INTO `ESCRIBIR` (`AUTOR_ID`, `COD_OB`) VALUES ('CAMA', 584);
INSERT INTO `ESCRIBIR` (`AUTOR_ID`, `COD_OB`) VALUES ('CAMA', 585);
INSERT INTO `ESCRIBIR` (`AUTOR_ID`, `COD_OB`) VALUES ('CAMA', 586);
INSERT INTO `ESCRIBIR` (`AUTOR_ID`, `COD_OB`) VALUES ('CAMA', 587);
INSERT INTO `ESCRIBIR` (`AUTOR_ID`, `COD_OB`) VALUES ('CAMA', 588);
INSERT INTO `ESCRIBIR` (`AUTOR_ID`, `COD_OB`) VALUES ('CAMA', 589);
INSERT INTO `ESCRIBIR` (`AUTOR_ID`, `COD_OB`) VALUES ('CAMA', 590);
INSERT INTO `ESCRIBIR` (`AUTOR_ID`, `COD_OB`) VALUES ('CAMA', 591);
INSERT INTO `ESCRIBIR` (`AUTOR_ID`, `COD_OB`) VALUES ('CAMA', 592);
INSERT INTO `ESCRIBIR` (`AUTOR_ID`, `COD_OB`) VALUES ('CAPE', 93);
INSERT INTO `ESCRIBIR` (`AUTOR_ID`, `COD_OB`) VALUES ('CASU', 317);
INSERT INTO `ESCRIBIR` (`AUTOR_ID`, `COD_OB`) VALUES ('CHDI', 18);
INSERT INTO `ESCRIBIR` (`AUTOR_ID`, `COD_OB`) VALUES ('CHJO', 20);
INSERT INTO `ESCRIBIR` (`AUTOR_ID`, `COD_OB`) VALUES ('COMC', 147);
INSERT INTO `ESCRIBIR` (`AUTOR_ID`, `COD_OB`) VALUES ('CRHU', 128);
INSERT INTO `ESCRIBIR` (`AUTOR_ID`, `COD_OB`) VALUES ('DAGO', 99);
INSERT INTO `ESCRIBIR` (`AUTOR_ID`, `COD_OB`) VALUES ('DAHA', 221);
INSERT INTO `ESCRIBIR` (`AUTOR_ID`, `COD_OB`) VALUES ('DAKN', 230);
INSERT INTO `ESCRIBIR` (`AUTOR_ID`, `COD_OB`) VALUES ('DALA', 465);
INSERT INTO `ESCRIBIR` (`AUTOR_ID`, `COD_OB`) VALUES ('DALA', 466);
INSERT INTO `ESCRIBIR` (`AUTOR_ID`, `COD_OB`) VALUES ('DIFO', 12);
INSERT INTO `ESCRIBIR` (`AUTOR_ID`, `COD_OB`) VALUES ('DOLA', 151);
INSERT INTO `ESCRIBIR` (`AUTOR_ID`, `COD_OB`) VALUES ('DOWE', 247);
INSERT INTO `ESCRIBIR` (`AUTOR_ID`, `COD_OB`) VALUES ('DUDE', 265);
INSERT INTO `ESCRIBIR` (`AUTOR_ID`, `COD_OB`) VALUES ('DURO', 420);
INSERT INTO `ESCRIBIR` (`AUTOR_ID`, `COD_OB`) VALUES ('ECRL', 222);
INSERT INTO `ESCRIBIR` (`AUTOR_ID`, `COD_OB`) VALUES ('EDBA', 49);
INSERT INTO `ESCRIBIR` (`AUTOR_ID`, `COD_OB`) VALUES ('EDMC', 57);
INSERT INTO `ESCRIBIR` (`AUTOR_ID`, `COD_OB`) VALUES ('EDMC', 95);
INSERT INTO `ESCRIBIR` (`AUTOR_ID`, `COD_OB`) VALUES ('EDMC', 96);
INSERT INTO `ESCRIBIR` (`AUTOR_ID`, `COD_OB`) VALUES ('EDMC', 219);
INSERT INTO `ESCRIBIR` (`AUTOR_ID`, `COD_OB`) VALUES ('EDME', 155);
INSERT INTO `ESCRIBIR` (`AUTOR_ID`, `COD_OB`) VALUES ('EDMN', 357);
INSERT INTO `ESCRIBIR` (`AUTOR_ID`, `COD_OB`) VALUES ('EDPO', 79);
INSERT INTO `ESCRIBIR` (`AUTOR_ID`, `COD_OB`) VALUES ('EDPO', 80);
INSERT INTO `ESCRIBIR` (`AUTOR_ID`, `COD_OB`) VALUES ('EDPO', 470);
INSERT INTO `ESCRIBIR` (`AUTOR_ID`, `COD_OB`) VALUES ('EDPO', 471);
INSERT INTO `ESCRIBIR` (`AUTOR_ID`, `COD_OB`) VALUES ('EDPO', 472);
INSERT INTO `ESCRIBIR` (`AUTOR_ID`, `COD_OB`) VALUES ('EDPO', 473);
INSERT INTO `ESCRIBIR` (`AUTOR_ID`, `COD_OB`) VALUES ('EDPO', 474);
INSERT INTO `ESCRIBIR` (`AUTOR_ID`, `COD_OB`) VALUES ('EDPO', 475);
INSERT INTO `ESCRIBIR` (`AUTOR_ID`, `COD_OB`) VALUES ('EDPO', 476);
INSERT INTO `ESCRIBIR` (`AUTOR_ID`, `COD_OB`) VALUES ('EDPO', 477);
INSERT INTO `ESCRIBIR` (`AUTOR_ID`, `COD_OB`) VALUES ('EDPO', 478);
INSERT INTO `ESCRIBIR` (`AUTOR_ID`, `COD_OB`) VALUES ('EDPO', 479);
INSERT INTO `ESCRIBIR` (`AUTOR_ID`, `COD_OB`) VALUES ('EDPO', 480);
INSERT INTO `ESCRIBIR` (`AUTOR_ID`, `COD_OB`) VALUES ('EDPO', 481);
INSERT INTO `ESCRIBIR` (`AUTOR_ID`, `COD_OB`) VALUES ('EDPO', 482);
INSERT INTO `ESCRIBIR` (`AUTOR_ID`, `COD_OB`) VALUES ('EDPO', 483);
INSERT INTO `ESCRIBIR` (`AUTOR_ID`, `COD_OB`) VALUES ('EDPO', 484);
INSERT INTO `ESCRIBIR` (`AUTOR_ID`, `COD_OB`) VALUES ('EDPO', 485);
INSERT INTO `ESCRIBIR` (`AUTOR_ID`, `COD_OB`) VALUES ('EDPO', 486);
INSERT INTO `ESCRIBIR` (`AUTOR_ID`, `COD_OB`) VALUES ('EDPO', 487);
INSERT INTO `ESCRIBIR` (`AUTOR_ID`, `COD_OB`) VALUES ('EDPO', 488);
INSERT INTO `ESCRIBIR` (`AUTOR_ID`, `COD_OB`) VALUES ('EDPO', 489);
INSERT INTO `ESCRIBIR` (`AUTOR_ID`, `COD_OB`) VALUES ('EDPO', 490);
INSERT INTO `ESCRIBIR` (`AUTOR_ID`, `COD_OB`) VALUES ('EDPO', 491);
INSERT INTO `ESCRIBIR` (`AUTOR_ID`, `COD_OB`) VALUES ('EDPO', 492);
INSERT INTO `ESCRIBIR` (`AUTOR_ID`, `COD_OB`) VALUES ('EDPO', 493);
INSERT INTO `ESCRIBIR` (`AUTOR_ID`, `COD_OB`) VALUES ('EDPO', 494);
INSERT INTO `ESCRIBIR` (`AUTOR_ID`, `COD_OB`) VALUES ('EDPO', 495);
INSERT INTO `ESCRIBIR` (`AUTOR_ID`, `COD_OB`) VALUES ('EDPO', 496);
INSERT INTO `ESCRIBIR` (`AUTOR_ID`, `COD_OB`) VALUES ('EDPO', 497);
INSERT INTO `ESCRIBIR` (`AUTOR_ID`, `COD_OB`) VALUES ('EDPO', 498);
INSERT INTO `ESCRIBIR` (`AUTOR_ID`, `COD_OB`) VALUES ('EDPO', 499);
INSERT INTO `ESCRIBIR` (`AUTOR_ID`, `COD_OB`) VALUES ('EDPO', 500);
INSERT INTO `ESCRIBIR` (`AUTOR_ID`, `COD_OB`) VALUES ('EDPO', 501);
INSERT INTO `ESCRIBIR` (`AUTOR_ID`, `COD_OB`) VALUES ('EDPO', 502);
INSERT INTO `ESCRIBIR` (`AUTOR_ID`, `COD_OB`) VALUES ('EDPO', 503);
INSERT INTO `ESCRIBIR` (`AUTOR_ID`, `COD_OB`) VALUES ('ELPE', 240);
INSERT INTO `ESCRIBIR` (`AUTOR_ID`, `COD_OB`) VALUES ('ELPH', 234);
INSERT INTO `ESCRIBIR` (`AUTOR_ID`, `COD_OB`) VALUES ('ELQU', 98);
INSERT INTO `ESCRIBIR` (`AUTOR_ID`, `COD_OB`) VALUES ('EMBR', 464);
INSERT INTO `ESCRIBIR` (`AUTOR_ID`, `COD_OB`) VALUES ('ERHE', 405);
INSERT INTO `ESCRIBIR` (`AUTOR_ID`, `COD_OB`) VALUES ('ERSE', 87);
INSERT INTO `ESCRIBIR` (`AUTOR_ID`, `COD_OB`) VALUES ('ESTU', 311);
INSERT INTO `ESCRIBIR` (`AUTOR_ID`, `COD_OB`) VALUES ('ETTA', 4);
INSERT INTO `ESCRIBIR` (`AUTOR_ID`, `COD_OB`) VALUES ('FAFL', 413);
INSERT INTO `ESCRIBIR` (`AUTOR_ID`, `COD_OB`) VALUES ('FEDE', 120);
INSERT INTO `ESCRIBIR` (`AUTOR_ID`, `COD_OB`) VALUES ('FEGA', 256);
INSERT INTO `ESCRIBIR` (`AUTOR_ID`, `COD_OB`) VALUES ('FEGN', 45);
INSERT INTO `ESCRIBIR` (`AUTOR_ID`, `COD_OB`) VALUES ('FESA', 48);
INSERT INTO `ESCRIBIR` (`AUTOR_ID`, `COD_OB`) VALUES ('FRBR', 97);
INSERT INTO `ESCRIBIR` (`AUTOR_ID`, `COD_OB`) VALUES ('FRFO', 134);
INSERT INTO `ESCRIBIR` (`AUTOR_ID`, `COD_OB`) VALUES ('FRFO', 135);
INSERT INTO `ESCRIBIR` (`AUTOR_ID`, `COD_OB`) VALUES ('FRFO', 136);
INSERT INTO `ESCRIBIR` (`AUTOR_ID`, `COD_OB`) VALUES ('FRKA', 27);
INSERT INTO `ESCRIBIR` (`AUTOR_ID`, `COD_OB`) VALUES ('FRKA', 28);
INSERT INTO `ESCRIBIR` (`AUTOR_ID`, `COD_OB`) VALUES ('FRKA', 345);
INSERT INTO `ESCRIBIR` (`AUTOR_ID`, `COD_OB`) VALUES ('FRLE', 232);
INSERT INTO `ESCRIBIR` (`AUTOR_ID`, `COD_OB`) VALUES ('FSFI', 122);
INSERT INTO `ESCRIBIR` (`AUTOR_ID`, `COD_OB`) VALUES ('GAGA', 176);
INSERT INTO `ESCRIBIR` (`AUTOR_ID`, `COD_OB`) VALUES ('GAGA', 178);
INSERT INTO `ESCRIBIR` (`AUTOR_ID`, `COD_OB`) VALUES ('GAGA', 179);
INSERT INTO `ESCRIBIR` (`AUTOR_ID`, `COD_OB`) VALUES ('GAGA', 181);
INSERT INTO `ESCRIBIR` (`AUTOR_ID`, `COD_OB`) VALUES ('GAGA', 182);
INSERT INTO `ESCRIBIR` (`AUTOR_ID`, `COD_OB`) VALUES ('GAGA', 183);
INSERT INTO `ESCRIBIR` (`AUTOR_ID`, `COD_OB`) VALUES ('GAGA', 184);
INSERT INTO `ESCRIBIR` (`AUTOR_ID`, `COD_OB`) VALUES ('GAGA', 185);
INSERT INTO `ESCRIBIR` (`AUTOR_ID`, `COD_OB`) VALUES ('GAGA', 186);
INSERT INTO `ESCRIBIR` (`AUTOR_ID`, `COD_OB`) VALUES ('GAGA', 549);
INSERT INTO `ESCRIBIR` (`AUTOR_ID`, `COD_OB`) VALUES ('GAGA', 550);
INSERT INTO `ESCRIBIR` (`AUTOR_ID`, `COD_OB`) VALUES ('GAGA', 551);
INSERT INTO `ESCRIBIR` (`AUTOR_ID`, `COD_OB`) VALUES ('GAGA', 552);
INSERT INTO `ESCRIBIR` (`AUTOR_ID`, `COD_OB`) VALUES ('GAGA', 553);
INSERT INTO `ESCRIBIR` (`AUTOR_ID`, `COD_OB`) VALUES ('GAGA', 554);
INSERT INTO `ESCRIBIR` (`AUTOR_ID`, `COD_OB`) VALUES ('GAGA', 555);
INSERT INTO `ESCRIBIR` (`AUTOR_ID`, `COD_OB`) VALUES ('GAGA', 556);
INSERT INTO `ESCRIBIR` (`AUTOR_ID`, `COD_OB`) VALUES ('GAGA', 557);
INSERT INTO `ESCRIBIR` (`AUTOR_ID`, `COD_OB`) VALUES ('GAGA', 558);
INSERT INTO `ESCRIBIR` (`AUTOR_ID`, `COD_OB`) VALUES ('GAGA', 559);
INSERT INTO `ESCRIBIR` (`AUTOR_ID`, `COD_OB`) VALUES ('GAGA', 560);
INSERT INTO `ESCRIBIR` (`AUTOR_ID`, `COD_OB`) VALUES ('GAGA', 561);
INSERT INTO `ESCRIBIR` (`AUTOR_ID`, `COD_OB`) VALUES ('GAGA', 562);
INSERT INTO `ESCRIBIR` (`AUTOR_ID`, `COD_OB`) VALUES ('GAGA', 563);
INSERT INTO `ESCRIBIR` (`AUTOR_ID`, `COD_OB`) VALUES ('GAGA', 564);
INSERT INTO `ESCRIBIR` (`AUTOR_ID`, `COD_OB`) VALUES ('GAGA', 565);
INSERT INTO `ESCRIBIR` (`AUTOR_ID`, `COD_OB`) VALUES ('GAGA', 566);
INSERT INTO `ESCRIBIR` (`AUTOR_ID`, `COD_OB`) VALUES ('GAGA', 567);
INSERT INTO `ESCRIBIR` (`AUTOR_ID`, `COD_OB`) VALUES ('GECH', 431);
INSERT INTO `ESCRIBIR` (`AUTOR_ID`, `COD_OB`) VALUES ('GEKE', 229);
INSERT INTO `ESCRIBIR` (`AUTOR_ID`, `COD_OB`) VALUES ('GESH', 467);
INSERT INTO `ESCRIBIR` (`AUTOR_ID`, `COD_OB`) VALUES ('GESI', 118);
INSERT INTO `ESCRIBIR` (`AUTOR_ID`, `COD_OB`) VALUES ('GESI', 119);
INSERT INTO `ESCRIBIR` (`AUTOR_ID`, `COD_OB`) VALUES ('GICH', 433);
INSERT INTO `ESCRIBIR` (`AUTOR_ID`, `COD_OB`) VALUES ('GICH', 434);
INSERT INTO `ESCRIBIR` (`AUTOR_ID`, `COD_OB`) VALUES ('GOTO', 390);
INSERT INTO `ESCRIBIR` (`AUTOR_ID`, `COD_OB`) VALUES ('GOVI', 315);
INSERT INTO `ESCRIBIR` (`AUTOR_ID`, `COD_OB`) VALUES ('GOVI', 316);
INSERT INTO `ESCRIBIR` (`AUTOR_ID`, `COD_OB`) VALUES ('GRGR', 145);
INSERT INTO `ESCRIBIR` (`AUTOR_ID`, `COD_OB`) VALUES ('GRGR', 220);
INSERT INTO `ESCRIBIR` (`AUTOR_ID`, `COD_OB`) VALUES ('GUFL', 253);
INSERT INTO `ESCRIBIR` (`AUTOR_ID`, `COD_OB`) VALUES ('HALE', 133);
INSERT INTO `ESCRIBIR` (`AUTOR_ID`, `COD_OB`) VALUES ('HEJA', 432);
INSERT INTO `ESCRIBIR` (`AUTOR_ID`, `COD_OB`) VALUES ('HERA', 457);
INSERT INTO `ESCRIBIR` (`AUTOR_ID`, `COD_OB`) VALUES ('HESL', 249);
INSERT INTO `ESCRIBIR` (`AUTOR_ID`, `COD_OB`) VALUES ('HOME', 32);
INSERT INTO `ESCRIBIR` (`AUTOR_ID`, `COD_OB`) VALUES ('IRCO', 226);
INSERT INTO `ESCRIBIR` (`AUTOR_ID`, `COD_OB`) VALUES ('IRSH', 142);
INSERT INTO `ESCRIBIR` (`AUTOR_ID`, `COD_OB`) VALUES ('IRSH', 469);
INSERT INTO `ESCRIBIR` (`AUTOR_ID`, `COD_OB`) VALUES ('ISAL', 215);
INSERT INTO `ESCRIBIR` (`AUTOR_ID`, `COD_OB`) VALUES ('ISAS', 22);
INSERT INTO `ESCRIBIR` (`AUTOR_ID`, `COD_OB`) VALUES ('ISAS', 23);
INSERT INTO `ESCRIBIR` (`AUTOR_ID`, `COD_OB`) VALUES ('ISAS', 24);
INSERT INTO `ESCRIBIR` (`AUTOR_ID`, `COD_OB`) VALUES ('ISAS', 25);
INSERT INTO `ESCRIBIR` (`AUTOR_ID`, `COD_OB`) VALUES ('ISAS', 26);
INSERT INTO `ESCRIBIR` (`AUTOR_ID`, `COD_OB`) VALUES ('ISDI', 150);
INSERT INTO `ESCRIBIR` (`AUTOR_ID`, `COD_OB`) VALUES ('IVTU', 454);
INSERT INTO `ESCRIBIR` (`AUTOR_ID`, `COD_OB`) VALUES ('IVTU', 455);
INSERT INTO `ESCRIBIR` (`AUTOR_ID`, `COD_OB`) VALUES ('JABA', 9);
INSERT INTO `ESCRIBIR` (`AUTOR_ID`, `COD_OB`) VALUES ('JACA', 58);
INSERT INTO `ESCRIBIR` (`AUTOR_ID`, `COD_OB`) VALUES ('JAEL', 19);
INSERT INTO `ESCRIBIR` (`AUTOR_ID`, `COD_OB`) VALUES ('JAGA', 401);
INSERT INTO `ESCRIBIR` (`AUTOR_ID`, `COD_OB`) VALUES ('JAGA', 402);
INSERT INTO `ESCRIBIR` (`AUTOR_ID`, `COD_OB`) VALUES ('JAHA', 217);
INSERT INTO `ESCRIBIR` (`AUTOR_ID`, `COD_OB`) VALUES ('JAJO', 62);
INSERT INTO `ESCRIBIR` (`AUTOR_ID`, `COD_OB`) VALUES ('JALO', 437);
INSERT INTO `ESCRIBIR` (`AUTOR_ID`, `COD_OB`) VALUES ('JALO', 438);
INSERT INTO `ESCRIBIR` (`AUTOR_ID`, `COD_OB`) VALUES ('JALO', 439);
INSERT INTO `ESCRIBIR` (`AUTOR_ID`, `COD_OB`) VALUES ('JALO', 440);
INSERT INTO `ESCRIBIR` (`AUTOR_ID`, `COD_OB`) VALUES ('JALO', 441);
INSERT INTO `ESCRIBIR` (`AUTOR_ID`, `COD_OB`) VALUES ('JALO', 442);
INSERT INTO `ESCRIBIR` (`AUTOR_ID`, `COD_OB`) VALUES ('JALO', 443);
INSERT INTO `ESCRIBIR` (`AUTOR_ID`, `COD_OB`) VALUES ('JALO', 444);
INSERT INTO `ESCRIBIR` (`AUTOR_ID`, `COD_OB`) VALUES ('JALO', 445);
INSERT INTO `ESCRIBIR` (`AUTOR_ID`, `COD_OB`) VALUES ('JALO', 446);
INSERT INTO `ESCRIBIR` (`AUTOR_ID`, `COD_OB`) VALUES ('JALO', 447);
INSERT INTO `ESCRIBIR` (`AUTOR_ID`, `COD_OB`) VALUES ('JAMA', 353);
INSERT INTO `ESCRIBIR` (`AUTOR_ID`, `COD_OB`) VALUES ('JAMA', 354);
INSERT INTO `ESCRIBIR` (`AUTOR_ID`, `COD_OB`) VALUES ('JAMA', 355);
INSERT INTO `ESCRIBIR` (`AUTOR_ID`, `COD_OB`) VALUES ('JAMA', 356);
INSERT INTO `ESCRIBIR` (`AUTOR_ID`, `COD_OB`) VALUES ('JEAM', 8);
INSERT INTO `ESCRIBIR` (`AUTOR_ID`, `COD_OB`) VALUES ('JEBE', 160);
INSERT INTO `ESCRIBIR` (`AUTOR_ID`, `COD_OB`) VALUES ('JECH', 41);
INSERT INTO `ESCRIBIR` (`AUTOR_ID`, `COD_OB`) VALUES ('JEFE', 398);
INSERT INTO `ESCRIBIR` (`AUTOR_ID`, `COD_OB`) VALUES ('JEFR', 377);
INSERT INTO `ESCRIBIR` (`AUTOR_ID`, `COD_OB`) VALUES ('JESA', 419);
INSERT INTO `ESCRIBIR` (`AUTOR_ID`, `COD_OB`) VALUES ('JGBA', 407);
INSERT INTO `ESCRIBIR` (`AUTOR_ID`, `COD_OB`) VALUES ('JOAL', 397);
INSERT INTO `ESCRIBIR` (`AUTOR_ID`, `COD_OB`) VALUES ('JOBE', 50);
INSERT INTO `ESCRIBIR` (`AUTOR_ID`, `COD_OB`) VALUES ('JOBO', 33);
INSERT INTO `ESCRIBIR` (`AUTOR_ID`, `COD_OB`) VALUES ('JOBO', 192);
INSERT INTO `ESCRIBIR` (`AUTOR_ID`, `COD_OB`) VALUES ('JOBR', 252);
INSERT INTO `ESCRIBIR` (`AUTOR_ID`, `COD_OB`) VALUES ('JOBR', 381);
INSERT INTO `ESCRIBIR` (`AUTOR_ID`, `COD_OB`) VALUES ('JOBU', 231);
INSERT INTO `ESCRIBIR` (`AUTOR_ID`, `COD_OB`) VALUES ('JOCO', 125);
INSERT INTO `ESCRIBIR` (`AUTOR_ID`, `COD_OB`) VALUES ('JOCO', 126);
INSERT INTO `ESCRIBIR` (`AUTOR_ID`, `COD_OB`) VALUES ('JOCR', 594);
INSERT INTO `ESCRIBIR` (`AUTOR_ID`, `COD_OB`) VALUES ('JOGI', 378);
INSERT INTO `ESCRIBIR` (`AUTOR_ID`, `COD_OB`) VALUES ('JOLE', 61);
INSERT INTO `ESCRIBIR` (`AUTOR_ID`, `COD_OB`) VALUES ('JOPL', 504);
INSERT INTO `ESCRIBIR` (`AUTOR_ID`, `COD_OB`) VALUES ('JOPL', 505);
INSERT INTO `ESCRIBIR` (`AUTOR_ID`, `COD_OB`) VALUES ('JOPL', 506);
INSERT INTO `ESCRIBIR` (`AUTOR_ID`, `COD_OB`) VALUES ('JOPL', 507);
INSERT INTO `ESCRIBIR` (`AUTOR_ID`, `COD_OB`) VALUES ('JOPL', 508);
INSERT INTO `ESCRIBIR` (`AUTOR_ID`, `COD_OB`) VALUES ('JOPL', 509);
INSERT INTO `ESCRIBIR` (`AUTOR_ID`, `COD_OB`) VALUES ('JOPL', 510);
INSERT INTO `ESCRIBIR` (`AUTOR_ID`, `COD_OB`) VALUES ('JOPL', 511);
INSERT INTO `ESCRIBIR` (`AUTOR_ID`, `COD_OB`) VALUES ('JOPL', 512);
INSERT INTO `ESCRIBIR` (`AUTOR_ID`, `COD_OB`) VALUES ('JOPL', 513);
INSERT INTO `ESCRIBIR` (`AUTOR_ID`, `COD_OB`) VALUES ('JOPL', 514);
INSERT INTO `ESCRIBIR` (`AUTOR_ID`, `COD_OB`) VALUES ('JOPL', 515);
INSERT INTO `ESCRIBIR` (`AUTOR_ID`, `COD_OB`) VALUES ('JOPL', 516);
INSERT INTO `ESCRIBIR` (`AUTOR_ID`, `COD_OB`) VALUES ('JOPL', 517);
INSERT INTO `ESCRIBIR` (`AUTOR_ID`, `COD_OB`) VALUES ('JOPL', 518);
INSERT INTO `ESCRIBIR` (`AUTOR_ID`, `COD_OB`) VALUES ('JOPL', 519);
INSERT INTO `ESCRIBIR` (`AUTOR_ID`, `COD_OB`) VALUES ('JOPL', 520);
INSERT INTO `ESCRIBIR` (`AUTOR_ID`, `COD_OB`) VALUES ('JOPL', 521);
INSERT INTO `ESCRIBIR` (`AUTOR_ID`, `COD_OB`) VALUES ('JOPL', 522);
INSERT INTO `ESCRIBIR` (`AUTOR_ID`, `COD_OB`) VALUES ('JOPL', 523);
INSERT INTO `ESCRIBIR` (`AUTOR_ID`, `COD_OB`) VALUES ('JOPL', 525);
INSERT INTO `ESCRIBIR` (`AUTOR_ID`, `COD_OB`) VALUES ('JOPL', 526);
INSERT INTO `ESCRIBIR` (`AUTOR_ID`, `COD_OB`) VALUES ('JOPL', 527);
INSERT INTO `ESCRIBIR` (`AUTOR_ID`, `COD_OB`) VALUES ('JOPL', 528);
INSERT INTO `ESCRIBIR` (`AUTOR_ID`, `COD_OB`) VALUES ('JOPL', 529);
INSERT INTO `ESCRIBIR` (`AUTOR_ID`, `COD_OB`) VALUES ('JOPL', 530);
INSERT INTO `ESCRIBIR` (`AUTOR_ID`, `COD_OB`) VALUES ('JOPL', 531);
INSERT INTO `ESCRIBIR` (`AUTOR_ID`, `COD_OB`) VALUES ('JOPL', 532);
INSERT INTO `ESCRIBIR` (`AUTOR_ID`, `COD_OB`) VALUES ('JOPL', 533);
INSERT INTO `ESCRIBIR` (`AUTOR_ID`, `COD_OB`) VALUES ('JOPL', 534);
INSERT INTO `ESCRIBIR` (`AUTOR_ID`, `COD_OB`) VALUES ('JOPL', 535);
INSERT INTO `ESCRIBIR` (`AUTOR_ID`, `COD_OB`) VALUES ('JOPL', 536);
INSERT INTO `ESCRIBIR` (`AUTOR_ID`, `COD_OB`) VALUES ('JOPL', 537);
INSERT INTO `ESCRIBIR` (`AUTOR_ID`, `COD_OB`) VALUES ('JOPL', 538);
INSERT INTO `ESCRIBIR` (`AUTOR_ID`, `COD_OB`) VALUES ('JOPL', 539);
INSERT INTO `ESCRIBIR` (`AUTOR_ID`, `COD_OB`) VALUES ('JOPL', 540);
INSERT INTO `ESCRIBIR` (`AUTOR_ID`, `COD_OB`) VALUES ('JOPL', 541);
INSERT INTO `ESCRIBIR` (`AUTOR_ID`, `COD_OB`) VALUES ('JOPL', 542);
INSERT INTO `ESCRIBIR` (`AUTOR_ID`, `COD_OB`) VALUES ('JOPL', 543);
INSERT INTO `ESCRIBIR` (`AUTOR_ID`, `COD_OB`) VALUES ('JOPL', 544);
INSERT INTO `ESCRIBIR` (`AUTOR_ID`, `COD_OB`) VALUES ('JOPL', 545);
INSERT INTO `ESCRIBIR` (`AUTOR_ID`, `COD_OB`) VALUES ('JOPL', 546);
INSERT INTO `ESCRIBIR` (`AUTOR_ID`, `COD_OB`) VALUES ('JOPL', 547);
INSERT INTO `ESCRIBIR` (`AUTOR_ID`, `COD_OB`) VALUES ('JOPL', 548);
INSERT INTO `ESCRIBIR` (`AUTOR_ID`, `COD_OB`) VALUES ('JORI', 370);
INSERT INTO `ESCRIBIR` (`AUTOR_ID`, `COD_OB`) VALUES ('JOSA', 156);
INSERT INTO `ESCRIBIR` (`AUTOR_ID`, `COD_OB`) VALUES ('JOSA', 395);
INSERT INTO `ESCRIBIR` (`AUTOR_ID`, `COD_OB`) VALUES ('JOWY', 250);
INSERT INTO `ESCRIBIR` (`AUTOR_ID`, `COD_OB`) VALUES ('JUCO', 197);
INSERT INTO `ESCRIBIR` (`AUTOR_ID`, `COD_OB`) VALUES ('JUCO', 198);
INSERT INTO `ESCRIBIR` (`AUTOR_ID`, `COD_OB`) VALUES ('JUCO', 199);
INSERT INTO `ESCRIBIR` (`AUTOR_ID`, `COD_OB`) VALUES ('JUCO', 200);
INSERT INTO `ESCRIBIR` (`AUTOR_ID`, `COD_OB`) VALUES ('JUCO', 201);
INSERT INTO `ESCRIBIR` (`AUTOR_ID`, `COD_OB`) VALUES ('JUCO', 202);
INSERT INTO `ESCRIBIR` (`AUTOR_ID`, `COD_OB`) VALUES ('JUCO', 203);
INSERT INTO `ESCRIBIR` (`AUTOR_ID`, `COD_OB`) VALUES ('JUCO', 204);
INSERT INTO `ESCRIBIR` (`AUTOR_ID`, `COD_OB`) VALUES ('JUCO', 205);
INSERT INTO `ESCRIBIR` (`AUTOR_ID`, `COD_OB`) VALUES ('JUCO', 206);
INSERT INTO `ESCRIBIR` (`AUTOR_ID`, `COD_OB`) VALUES ('JUCO', 207);
INSERT INTO `ESCRIBIR` (`AUTOR_ID`, `COD_OB`) VALUES ('JUCO', 208);
INSERT INTO `ESCRIBIR` (`AUTOR_ID`, `COD_OB`) VALUES ('JUCO', 209);
INSERT INTO `ESCRIBIR` (`AUTOR_ID`, `COD_OB`) VALUES ('JUCO', 210);
INSERT INTO `ESCRIBIR` (`AUTOR_ID`, `COD_OB`) VALUES ('JUCO', 211);
INSERT INTO `ESCRIBIR` (`AUTOR_ID`, `COD_OB`) VALUES ('JUCO', 212);
INSERT INTO `ESCRIBIR` (`AUTOR_ID`, `COD_OB`) VALUES ('JUCO', 213);
INSERT INTO `ESCRIBIR` (`AUTOR_ID`, `COD_OB`) VALUES ('JUGO', 391);
INSERT INTO `ESCRIBIR` (`AUTOR_ID`, `COD_OB`) VALUES ('JUMI', 372);
INSERT INTO `ESCRIBIR` (`AUTOR_ID`, `COD_OB`) VALUES ('JUMI', 373);
INSERT INTO `ESCRIBIR` (`AUTOR_ID`, `COD_OB`) VALUES ('JUMI', 374);
INSERT INTO `ESCRIBIR` (`AUTOR_ID`, `COD_OB`) VALUES ('JURU', 193);
INSERT INTO `ESCRIBIR` (`AUTOR_ID`, `COD_OB`) VALUES ('JUVA', 54);
INSERT INTO `ESCRIBIR` (`AUTOR_ID`, `COD_OB`) VALUES ('JUVE', 453);
INSERT INTO `ESCRIBIR` (`AUTOR_ID`, `COD_OB`) VALUES ('KAHE', 42);
INSERT INTO `ESCRIBIR` (`AUTOR_ID`, `COD_OB`) VALUES ('KEFO', 60);
INSERT INTO `ESCRIBIR` (`AUTOR_ID`, `COD_OB`) VALUES ('KEFO', 149);
INSERT INTO `ESCRIBIR` (`AUTOR_ID`, `COD_OB`) VALUES ('KEFO', 153);
INSERT INTO `ESCRIBIR` (`AUTOR_ID`, `COD_OB`) VALUES ('KEFO', 154);
INSERT INTO `ESCRIBIR` (`AUTOR_ID`, `COD_OB`) VALUES ('KEKE', 40);
INSERT INTO `ESCRIBIR` (`AUTOR_ID`, `COD_OB`) VALUES ('KEMO', 318);
INSERT INTO `ESCRIBIR` (`AUTOR_ID`, `COD_OB`) VALUES ('KUVO', 152);
INSERT INTO `ESCRIBIR` (`AUTOR_ID`, `COD_OB`) VALUES ('LACO', 151);
INSERT INTO `ESCRIBIR` (`AUTOR_ID`, `COD_OB`) VALUES ('LAES', 287);
INSERT INTO `ESCRIBIR` (`AUTOR_ID`, `COD_OB`) VALUES ('LARI', 313);
INSERT INTO `ESCRIBIR` (`AUTOR_ID`, `COD_OB`) VALUES ('LEAL', 367);
INSERT INTO `ESCRIBIR` (`AUTOR_ID`, `COD_OB`) VALUES ('LECA', 92);
INSERT INTO `ESCRIBIR` (`AUTOR_ID`, `COD_OB`) VALUES ('LEFE', 286);
INSERT INTO `ESCRIBIR` (`AUTOR_ID`, `COD_OB`) VALUES ('LETO', 144);
INSERT INTO `ESCRIBIR` (`AUTOR_ID`, `COD_OB`) VALUES ('LEUR', 88);
INSERT INTO `ESCRIBIR` (`AUTOR_ID`, `COD_OB`) VALUES ('LODE', 261);
INSERT INTO `ESCRIBIR` (`AUTOR_ID`, `COD_OB`) VALUES ('LODE', 262);
INSERT INTO `ESCRIBIR` (`AUTOR_ID`, `COD_OB`) VALUES ('LODU', 462);
INSERT INTO `ESCRIBIR` (`AUTOR_ID`, `COD_OB`) VALUES ('LUDE', 389);
INSERT INTO `ESCRIBIR` (`AUTOR_ID`, `COD_OB`) VALUES ('LULA', 369);
INSERT INTO `ESCRIBIR` (`AUTOR_ID`, `COD_OB`) VALUES ('LUMA', 400);
INSERT INTO `ESCRIBIR` (`AUTOR_ID`, `COD_OB`) VALUES ('LUSE', 214);
INSERT INTO `ESCRIBIR` (`AUTOR_ID`, `COD_OB`) VALUES ('LUVE', 285);
INSERT INTO `ESCRIBIR` (`AUTOR_ID`, `COD_OB`) VALUES ('MABA', 138);
INSERT INTO `ESCRIBIR` (`AUTOR_ID`, `COD_OB`) VALUES ('MABR', 52);
INSERT INTO `ESCRIBIR` (`AUTOR_ID`, `COD_OB`) VALUES ('MADE', 288);
INSERT INTO `ESCRIBIR` (`AUTOR_ID`, `COD_OB`) VALUES ('MADE', 289);
INSERT INTO `ESCRIBIR` (`AUTOR_ID`, `COD_OB`) VALUES ('MADE', 290);
INSERT INTO `ESCRIBIR` (`AUTOR_ID`, `COD_OB`) VALUES ('MADE', 291);
INSERT INTO `ESCRIBIR` (`AUTOR_ID`, `COD_OB`) VALUES ('MADE', 292);
INSERT INTO `ESCRIBIR` (`AUTOR_ID`, `COD_OB`) VALUES ('MADE', 293);
INSERT INTO `ESCRIBIR` (`AUTOR_ID`, `COD_OB`) VALUES ('MADE', 294);
INSERT INTO `ESCRIBIR` (`AUTOR_ID`, `COD_OB`) VALUES ('MADE', 295);
INSERT INTO `ESCRIBIR` (`AUTOR_ID`, `COD_OB`) VALUES ('MADE', 296);
INSERT INTO `ESCRIBIR` (`AUTOR_ID`, `COD_OB`) VALUES ('MADE', 297);
INSERT INTO `ESCRIBIR` (`AUTOR_ID`, `COD_OB`) VALUES ('MADE', 298);
INSERT INTO `ESCRIBIR` (`AUTOR_ID`, `COD_OB`) VALUES ('MADE', 299);
INSERT INTO `ESCRIBIR` (`AUTOR_ID`, `COD_OB`) VALUES ('MADE', 300);
INSERT INTO `ESCRIBIR` (`AUTOR_ID`, `COD_OB`) VALUES ('MADU', 427);
INSERT INTO `ESCRIBIR` (`AUTOR_ID`, `COD_OB`) VALUES ('MAGI', 170);
INSERT INTO `ESCRIBIR` (`AUTOR_ID`, `COD_OB`) VALUES ('MAHA', 13);
INSERT INTO `ESCRIBIR` (`AUTOR_ID`, `COD_OB`) VALUES ('MAHA', 14);
INSERT INTO `ESCRIBIR` (`AUTOR_ID`, `COD_OB`) VALUES ('MAHA', 15);
INSERT INTO `ESCRIBIR` (`AUTOR_ID`, `COD_OB`) VALUES ('MALA', 51);
INSERT INTO `ESCRIBIR` (`AUTOR_ID`, `COD_OB`) VALUES ('MALO', 94);
INSERT INTO `ESCRIBIR` (`AUTOR_ID`, `COD_OB`) VALUES ('MAMI', 216);
INSERT INTO `ESCRIBIR` (`AUTOR_ID`, `COD_OB`) VALUES ('MAMI', 225);
INSERT INTO `ESCRIBIR` (`AUTOR_ID`, `COD_OB`) VALUES ('MAMT', 463);
INSERT INTO `ESCRIBIR` (`AUTOR_ID`, `COD_OB`) VALUES ('MAPU', 140);
INSERT INTO `ESCRIBIR` (`AUTOR_ID`, `COD_OB`) VALUES ('MARO', 53);
INSERT INTO `ESCRIBIR` (`AUTOR_ID`, `COD_OB`) VALUES ('MASM', 460);
INSERT INTO `ESCRIBIR` (`AUTOR_ID`, `COD_OB`) VALUES ('MAST', 241);
INSERT INTO `ESCRIBIR` (`AUTOR_ID`, `COD_OB`) VALUES ('MAVA', 195);
INSERT INTO `ESCRIBIR` (`AUTOR_ID`, `COD_OB`) VALUES ('MAVA', 196);
INSERT INTO `ESCRIBIR` (`AUTOR_ID`, `COD_OB`) VALUES ('MAVQ', 375);
INSERT INTO `ESCRIBIR` (`AUTOR_ID`, `COD_OB`) VALUES ('MAVQ', 376);
INSERT INTO `ESCRIBIR` (`AUTOR_ID`, `COD_OB`) VALUES ('MAVZ', 43);
INSERT INTO `ESCRIBIR` (`AUTOR_ID`, `COD_OB`) VALUES ('MAYO', 428);
INSERT INTO `ESCRIBIR` (`AUTOR_ID`, `COD_OB`) VALUES ('MAYO', 429);
INSERT INTO `ESCRIBIR` (`AUTOR_ID`, `COD_OB`) VALUES ('MESA', 358);
INSERT INTO `ESCRIBIR` (`AUTOR_ID`, `COD_OB`) VALUES ('MIAL', 228);
INSERT INTO `ESCRIBIR` (`AUTOR_ID`, `COD_OB`) VALUES ('MIBU', 223);
INSERT INTO `ESCRIBIR` (`AUTOR_ID`, `COD_OB`) VALUES ('MIDE', 254);
INSERT INTO `ESCRIBIR` (`AUTOR_ID`, `COD_OB`) VALUES ('MIDL', 382);
INSERT INTO `ESCRIBIR` (`AUTOR_ID`, `COD_OB`) VALUES ('MIDL', 383);
INSERT INTO `ESCRIBIR` (`AUTOR_ID`, `COD_OB`) VALUES ('MIHE', 257);
INSERT INTO `ESCRIBIR` (`AUTOR_ID`, `COD_OB`) VALUES ('MIHE', 258);
INSERT INTO `ESCRIBIR` (`AUTOR_ID`, `COD_OB`) VALUES ('MIKU', 426);
INSERT INTO `ESCRIBIR` (`AUTOR_ID`, `COD_OB`) VALUES ('MIMO', 169);
INSERT INTO `ESCRIBIR` (`AUTOR_ID`, `COD_OB`) VALUES ('MOWE', 121);
INSERT INTO `ESCRIBIR` (`AUTOR_ID`, `COD_OB`) VALUES ('MOWE', 143);
INSERT INTO `ESCRIBIR` (`AUTOR_ID`, `COD_OB`) VALUES ('NIMO', 146);
INSERT INTO `ESCRIBIR` (`AUTOR_ID`, `COD_OB`) VALUES ('NUBA', 233);
INSERT INTO `ESCRIBIR` (`AUTOR_ID`, `COD_OB`) VALUES ('OSWI', 435);
INSERT INTO `ESCRIBIR` (`AUTOR_ID`, `COD_OB`) VALUES ('OVID', 30);
INSERT INTO `ESCRIBIR` (`AUTOR_ID`, `COD_OB`) VALUES ('OVID', 31);
INSERT INTO `ESCRIBIR` (`AUTOR_ID`, `COD_OB`) VALUES ('PAHI', 100);
INSERT INTO `ESCRIBIR` (`AUTOR_ID`, `COD_OB`) VALUES ('PAHI', 101);
INSERT INTO `ESCRIBIR` (`AUTOR_ID`, `COD_OB`) VALUES ('PAHI', 102);
INSERT INTO `ESCRIBIR` (`AUTOR_ID`, `COD_OB`) VALUES ('PAHI', 103);
INSERT INTO `ESCRIBIR` (`AUTOR_ID`, `COD_OB`) VALUES ('PAHI', 104);
INSERT INTO `ESCRIBIR` (`AUTOR_ID`, `COD_OB`) VALUES ('PAHI', 105);
INSERT INTO `ESCRIBIR` (`AUTOR_ID`, `COD_OB`) VALUES ('PAHI', 106);
INSERT INTO `ESCRIBIR` (`AUTOR_ID`, `COD_OB`) VALUES ('PAHI', 107);
INSERT INTO `ESCRIBIR` (`AUTOR_ID`, `COD_OB`) VALUES ('PAHI', 108);
INSERT INTO `ESCRIBIR` (`AUTOR_ID`, `COD_OB`) VALUES ('PAHI', 109);
INSERT INTO `ESCRIBIR` (`AUTOR_ID`, `COD_OB`) VALUES ('PAHI', 110);
INSERT INTO `ESCRIBIR` (`AUTOR_ID`, `COD_OB`) VALUES ('PAHI', 111);
INSERT INTO `ESCRIBIR` (`AUTOR_ID`, `COD_OB`) VALUES ('PAHI', 112);
INSERT INTO `ESCRIBIR` (`AUTOR_ID`, `COD_OB`) VALUES ('PAHI', 113);
INSERT INTO `ESCRIBIR` (`AUTOR_ID`, `COD_OB`) VALUES ('PAHI', 114);
INSERT INTO `ESCRIBIR` (`AUTOR_ID`, `COD_OB`) VALUES ('PAHI', 115);
INSERT INTO `ESCRIBIR` (`AUTOR_ID`, `COD_OB`) VALUES ('PAHI', 116);
INSERT INTO `ESCRIBIR` (`AUTOR_ID`, `COD_OB`) VALUES ('PAHI', 117);
INSERT INTO `ESCRIBIR` (`AUTOR_ID`, `COD_OB`) VALUES ('PANE', 187);
INSERT INTO `ESCRIBIR` (`AUTOR_ID`, `COD_OB`) VALUES ('PANE', 188);
INSERT INTO `ESCRIBIR` (`AUTOR_ID`, `COD_OB`) VALUES ('PANE', 194);
INSERT INTO `ESCRIBIR` (`AUTOR_ID`, `COD_OB`) VALUES ('PASU', 406);
INSERT INTO `ESCRIBIR` (`AUTOR_ID`, `COD_OB`) VALUES ('PEBU', 139);
INSERT INTO `ESCRIBIR` (`AUTOR_ID`, `COD_OB`) VALUES ('PECA', 416);
INSERT INTO `ESCRIBIR` (`AUTOR_ID`, `COD_OB`) VALUES ('PEZA', 396);
INSERT INTO `ESCRIBIR` (`AUTOR_ID`, `COD_OB`) VALUES ('PGWO', 301);
INSERT INTO `ESCRIBIR` (`AUTOR_ID`, `COD_OB`) VALUES ('PGWO', 302);
INSERT INTO `ESCRIBIR` (`AUTOR_ID`, `COD_OB`) VALUES ('PGWO', 303);
INSERT INTO `ESCRIBIR` (`AUTOR_ID`, `COD_OB`) VALUES ('PGWO', 304);
INSERT INTO `ESCRIBIR` (`AUTOR_ID`, `COD_OB`) VALUES ('PGWO', 305);
INSERT INTO `ESCRIBIR` (`AUTOR_ID`, `COD_OB`) VALUES ('PGWO', 306);
INSERT INTO `ESCRIBIR` (`AUTOR_ID`, `COD_OB`) VALUES ('PGWO', 307);
INSERT INTO `ESCRIBIR` (`AUTOR_ID`, `COD_OB`) VALUES ('PGWO', 308);
INSERT INTO `ESCRIBIR` (`AUTOR_ID`, `COD_OB`) VALUES ('PGWO', 309);
INSERT INTO `ESCRIBIR` (`AUTOR_ID`, `COD_OB`) VALUES ('PHVA', 55);
INSERT INTO `ESCRIBIR` (`AUTOR_ID`, `COD_OB`) VALUES ('PIBR', 3);
INSERT INTO `ESCRIBIR` (`AUTOR_ID`, `COD_OB`) VALUES ('PIVE', 436);
INSERT INTO `ESCRIBIR` (`AUTOR_ID`, `COD_OB`) VALUES ('RABE', 170);
INSERT INTO `ESCRIBIR` (`AUTOR_ID`, `COD_OB`) VALUES ('RACE', 157);
INSERT INTO `ESCRIBIR` (`AUTOR_ID`, `COD_OB`) VALUES ('RACH', 63);
INSERT INTO `ESCRIBIR` (`AUTOR_ID`, `COD_OB`) VALUES ('RACH', 64);
INSERT INTO `ESCRIBIR` (`AUTOR_ID`, `COD_OB`) VALUES ('RACH', 65);
INSERT INTO `ESCRIBIR` (`AUTOR_ID`, `COD_OB`) VALUES ('RACH', 81);
INSERT INTO `ESCRIBIR` (`AUTOR_ID`, `COD_OB`) VALUES ('RACH', 82);
INSERT INTO `ESCRIBIR` (`AUTOR_ID`, `COD_OB`) VALUES ('RACH', 83);
INSERT INTO `ESCRIBIR` (`AUTOR_ID`, `COD_OB`) VALUES ('RACH', 84);
INSERT INTO `ESCRIBIR` (`AUTOR_ID`, `COD_OB`) VALUES ('RACH', 85);
INSERT INTO `ESCRIBIR` (`AUTOR_ID`, `COD_OB`) VALUES ('RACH', 86);
INSERT INTO `ESCRIBIR` (`AUTOR_ID`, `COD_OB`) VALUES ('RAJA', 423);
INSERT INTO `ESCRIBIR` (`AUTOR_ID`, `COD_OB`) VALUES ('RAMA', 47);
INSERT INTO `ESCRIBIR` (`AUTOR_ID`, `COD_OB`) VALUES ('RAPE', 384);
INSERT INTO `ESCRIBIR` (`AUTOR_ID`, `COD_OB`) VALUES ('RAPE', 385);
INSERT INTO `ESCRIBIR` (`AUTOR_ID`, `COD_OB`) VALUES ('RAQU', 424);
INSERT INTO `ESCRIBIR` (`AUTOR_ID`, `COD_OB`) VALUES ('RARU', 236);
INSERT INTO `ESCRIBIR` (`AUTOR_ID`, `COD_OB`) VALUES ('RASE', 365);
INSERT INTO `ESCRIBIR` (`AUTOR_ID`, `COD_OB`) VALUES ('RASE', 366);
INSERT INTO `ESCRIBIR` (`AUTOR_ID`, `COD_OB`) VALUES ('REST', 218);
INSERT INTO `ESCRIBIR` (`AUTOR_ID`, `COD_OB`) VALUES ('RIDA', 16);
INSERT INTO `ESCRIBIR` (`AUTOR_ID`, `COD_OB`) VALUES ('ROAR', 235);
INSERT INTO `ESCRIBIR` (`AUTOR_ID`, `COD_OB`) VALUES ('ROCH', 593);
INSERT INTO `ESCRIBIR` (`AUTOR_ID`, `COD_OB`) VALUES ('ROET', 6);
INSERT INTO `ESCRIBIR` (`AUTOR_ID`, `COD_OB`) VALUES ('ROGR', 1);
INSERT INTO `ESCRIBIR` (`AUTOR_ID`, `COD_OB`) VALUES ('ROGR', 2);
INSERT INTO `ESCRIBIR` (`AUTOR_ID`, `COD_OB`) VALUES ('ROGR', 314);
INSERT INTO `ESCRIBIR` (`AUTOR_ID`, `COD_OB`) VALUES ('ROGR', 319);
INSERT INTO `ESCRIBIR` (`AUTOR_ID`, `COD_OB`) VALUES ('ROMO', 189);
INSERT INTO `ESCRIBIR` (`AUTOR_ID`, `COD_OB`) VALUES ('ROSO', 244);
INSERT INTO `ESCRIBIR` (`AUTOR_ID`, `COD_OB`) VALUES ('ROSP', 246);
INSERT INTO `ESCRIBIR` (`AUTOR_ID`, `COD_OB`) VALUES ('ROST', 35);
INSERT INTO `ESCRIBIR` (`AUTOR_ID`, `COD_OB`) VALUES ('ROST', 36);
INSERT INTO `ESCRIBIR` (`AUTOR_ID`, `COD_OB`) VALUES ('ROST', 37);
INSERT INTO `ESCRIBIR` (`AUTOR_ID`, `COD_OB`) VALUES ('ROST', 38);
INSERT INTO `ESCRIBIR` (`AUTOR_ID`, `COD_OB`) VALUES ('ROST', 39);
INSERT INTO `ESCRIBIR` (`AUTOR_ID`, `COD_OB`) VALUES ('RUKI', 448);
INSERT INTO `ESCRIBIR` (`AUTOR_ID`, `COD_OB`) VALUES ('RUKI', 449);
INSERT INTO `ESCRIBIR` (`AUTOR_ID`, `COD_OB`) VALUES ('SASA', 17);
INSERT INTO `ESCRIBIR` (`AUTOR_ID`, `COD_OB`) VALUES ('SASA', 90);
INSERT INTO `ESCRIBIR` (`AUTOR_ID`, `COD_OB`) VALUES ('SASA', 91);
INSERT INTO `ESCRIBIR` (`AUTOR_ID`, `COD_OB`) VALUES ('SIOR', 164);
INSERT INTO `ESCRIBIR` (`AUTOR_ID`, `COD_OB`) VALUES ('SISH', 59);
INSERT INTO `ESCRIBIR` (`AUTOR_ID`, `COD_OB`) VALUES ('SOPU', 392);
INSERT INTO `ESCRIBIR` (`AUTOR_ID`, `COD_OB`) VALUES ('STEL', 224);
INSERT INTO `ESCRIBIR` (`AUTOR_ID`, `COD_OB`) VALUES ('STLE', 459);
INSERT INTO `ESCRIBIR` (`AUTOR_ID`, `COD_OB`) VALUES ('TECA', 415);
INSERT INTO `ESCRIBIR` (`AUTOR_ID`, `COD_OB`) VALUES ('TEMO', 404);
INSERT INTO `ESCRIBIR` (`AUTOR_ID`, `COD_OB`) VALUES ('THDI', 238);
INSERT INTO `ESCRIBIR` (`AUTOR_ID`, `COD_OB`) VALUES ('THHA', 141);
INSERT INTO `ESCRIBIR` (`AUTOR_ID`, `COD_OB`) VALUES ('THMA', 408);
INSERT INTO `ESCRIBIR` (`AUTOR_ID`, `COD_OB`) VALUES ('THMA', 409);
INSERT INTO `ESCRIBIR` (`AUTOR_ID`, `COD_OB`) VALUES ('THMA', 410);
INSERT INTO `ESCRIBIR` (`AUTOR_ID`, `COD_OB`) VALUES ('THMA', 411);
INSERT INTO `ESCRIBIR` (`AUTOR_ID`, `COD_OB`) VALUES ('THMA', 412);
INSERT INTO `ESCRIBIR` (`AUTOR_ID`, `COD_OB`) VALUES ('THST', 237);
INSERT INTO `ESCRIBIR` (`AUTOR_ID`, `COD_OB`) VALUES ('THWH', 243);
INSERT INTO `ESCRIBIR` (`AUTOR_ID`, `COD_OB`) VALUES ('TIDE', 255);
INSERT INTO `ESCRIBIR` (`AUTOR_ID`, `COD_OB`) VALUES ('TOCL', 89);
INSERT INTO `ESCRIBIR` (`AUTOR_ID`, `COD_OB`) VALUES ('TOMO', 422);
INSERT INTO `ESCRIBIR` (`AUTOR_ID`, `COD_OB`) VALUES ('TOSH', 461);
INSERT INTO `ESCRIBIR` (`AUTOR_ID`, `COD_OB`) VALUES ('UMEC', 425);
INSERT INTO `ESCRIBIR` (`AUTOR_ID`, `COD_OB`) VALUES ('VIBA', 137);
INSERT INTO `ESCRIBIR` (`AUTOR_ID`, `COD_OB`) VALUES ('VIHE', 130);
INSERT INTO `ESCRIBIR` (`AUTOR_ID`, `COD_OB`) VALUES ('VLBA', 312);
INSERT INTO `ESCRIBIR` (`AUTOR_ID`, `COD_OB`) VALUES ('WAIR', 29);
INSERT INTO `ESCRIBIR` (`AUTOR_ID`, `COD_OB`) VALUES ('WICO', 148);
INSERT INTO `ESCRIBIR` (`AUTOR_ID`, `COD_OB`) VALUES ('WIFA', 414);
INSERT INTO `ESCRIBIR` (`AUTOR_ID`, `COD_OB`) VALUES ('WISA', 242);
INSERT INTO `ESCRIBIR` (`AUTOR_ID`, `COD_OB`) VALUES ('WIVA', 7);
INSERT INTO `ESCRIBIR` (`AUTOR_ID`, `COD_OB`) VALUES ('WIWO', 245);
# 553 records

#
# Table structure for table 'ESTA_EN'
#

DROP TABLE IF EXISTS `ESTA_EN`;

CREATE TABLE `ESTA_EN` (
  `COD_OB` DOUBLE NOT NULL, 
  `ID_LIB` VARCHAR(10) NOT NULL, 
  PRIMARY KEY (`COD_OB`, `ID_LIB`)
) ENGINE=maria DEFAULT CHARSET=utf8;

SET autocommit=1;

#
# Dumping data for table 'ESTA_EN'
#

INSERT INTO `ESTA_EN` (`COD_OB`, `ID_LIB`) VALUES (1, 'LIB-000001');
INSERT INTO `ESTA_EN` (`COD_OB`, `ID_LIB`) VALUES (2, 'LIB-000002');
INSERT INTO `ESTA_EN` (`COD_OB`, `ID_LIB`) VALUES (3, 'LIB-000003');
INSERT INTO `ESTA_EN` (`COD_OB`, `ID_LIB`) VALUES (4, 'LIB-000004');
INSERT INTO `ESTA_EN` (`COD_OB`, `ID_LIB`) VALUES (5, 'LIB-000005');
INSERT INTO `ESTA_EN` (`COD_OB`, `ID_LIB`) VALUES (6, 'LIB-000006');
INSERT INTO `ESTA_EN` (`COD_OB`, `ID_LIB`) VALUES (7, 'LIB-000007');
INSERT INTO `ESTA_EN` (`COD_OB`, `ID_LIB`) VALUES (8, 'LIB-000008');
INSERT INTO `ESTA_EN` (`COD_OB`, `ID_LIB`) VALUES (9, 'LIB-000009');
INSERT INTO `ESTA_EN` (`COD_OB`, `ID_LIB`) VALUES (10, 'LIB-000010');
INSERT INTO `ESTA_EN` (`COD_OB`, `ID_LIB`) VALUES (11, 'LIB-000011');
INSERT INTO `ESTA_EN` (`COD_OB`, `ID_LIB`) VALUES (12, 'LIB-000012');
INSERT INTO `ESTA_EN` (`COD_OB`, `ID_LIB`) VALUES (13, 'LIB-000013');
INSERT INTO `ESTA_EN` (`COD_OB`, `ID_LIB`) VALUES (14, 'LIB-000014');
INSERT INTO `ESTA_EN` (`COD_OB`, `ID_LIB`) VALUES (15, 'LIB-000015');
INSERT INTO `ESTA_EN` (`COD_OB`, `ID_LIB`) VALUES (16, 'LIB-000016');
INSERT INTO `ESTA_EN` (`COD_OB`, `ID_LIB`) VALUES (17, 'LIB-000017');
INSERT INTO `ESTA_EN` (`COD_OB`, `ID_LIB`) VALUES (18, 'LIB-000018');
INSERT INTO `ESTA_EN` (`COD_OB`, `ID_LIB`) VALUES (19, 'LIB-000019');
INSERT INTO `ESTA_EN` (`COD_OB`, `ID_LIB`) VALUES (20, 'LIB-000020');
INSERT INTO `ESTA_EN` (`COD_OB`, `ID_LIB`) VALUES (21, 'LIB-000021');
INSERT INTO `ESTA_EN` (`COD_OB`, `ID_LIB`) VALUES (22, 'LIB-000022');
INSERT INTO `ESTA_EN` (`COD_OB`, `ID_LIB`) VALUES (23, 'LIB-000023');
INSERT INTO `ESTA_EN` (`COD_OB`, `ID_LIB`) VALUES (24, 'LIB-000024');
INSERT INTO `ESTA_EN` (`COD_OB`, `ID_LIB`) VALUES (25, 'LIB-000025');
INSERT INTO `ESTA_EN` (`COD_OB`, `ID_LIB`) VALUES (26, 'LIB-000026');
INSERT INTO `ESTA_EN` (`COD_OB`, `ID_LIB`) VALUES (27, 'LIB-000027');
INSERT INTO `ESTA_EN` (`COD_OB`, `ID_LIB`) VALUES (28, 'LIB-000028');
INSERT INTO `ESTA_EN` (`COD_OB`, `ID_LIB`) VALUES (29, 'LIB-000029');
INSERT INTO `ESTA_EN` (`COD_OB`, `ID_LIB`) VALUES (30, 'LIB-000030');
INSERT INTO `ESTA_EN` (`COD_OB`, `ID_LIB`) VALUES (31, 'LIB-000030');
INSERT INTO `ESTA_EN` (`COD_OB`, `ID_LIB`) VALUES (32, 'LIB-000032');
INSERT INTO `ESTA_EN` (`COD_OB`, `ID_LIB`) VALUES (33, 'LIB-000033');
INSERT INTO `ESTA_EN` (`COD_OB`, `ID_LIB`) VALUES (34, 'LIB-000349');
INSERT INTO `ESTA_EN` (`COD_OB`, `ID_LIB`) VALUES (35, 'LIB-000035');
INSERT INTO `ESTA_EN` (`COD_OB`, `ID_LIB`) VALUES (36, 'LIB-000036');
INSERT INTO `ESTA_EN` (`COD_OB`, `ID_LIB`) VALUES (37, 'LIB-000037');
INSERT INTO `ESTA_EN` (`COD_OB`, `ID_LIB`) VALUES (38, 'LIB-000038');
INSERT INTO `ESTA_EN` (`COD_OB`, `ID_LIB`) VALUES (39, 'LIB-000039');
INSERT INTO `ESTA_EN` (`COD_OB`, `ID_LIB`) VALUES (40, 'LIB-000040');
INSERT INTO `ESTA_EN` (`COD_OB`, `ID_LIB`) VALUES (41, 'LIB-000041');
INSERT INTO `ESTA_EN` (`COD_OB`, `ID_LIB`) VALUES (42, 'LIB-000042');
INSERT INTO `ESTA_EN` (`COD_OB`, `ID_LIB`) VALUES (43, 'LIB-000043');
INSERT INTO `ESTA_EN` (`COD_OB`, `ID_LIB`) VALUES (44, 'LIB-000044');
INSERT INTO `ESTA_EN` (`COD_OB`, `ID_LIB`) VALUES (45, 'LIB-000044');
INSERT INTO `ESTA_EN` (`COD_OB`, `ID_LIB`) VALUES (46, 'LIB-000044');
INSERT INTO `ESTA_EN` (`COD_OB`, `ID_LIB`) VALUES (47, 'LIB-000044');
INSERT INTO `ESTA_EN` (`COD_OB`, `ID_LIB`) VALUES (48, 'LIB-000044');
INSERT INTO `ESTA_EN` (`COD_OB`, `ID_LIB`) VALUES (49, 'LIB-000044');
INSERT INTO `ESTA_EN` (`COD_OB`, `ID_LIB`) VALUES (50, 'LIB-000044');
INSERT INTO `ESTA_EN` (`COD_OB`, `ID_LIB`) VALUES (51, 'LIB-000044');
INSERT INTO `ESTA_EN` (`COD_OB`, `ID_LIB`) VALUES (52, 'LIB-000044');
INSERT INTO `ESTA_EN` (`COD_OB`, `ID_LIB`) VALUES (53, 'LIB-000044');
INSERT INTO `ESTA_EN` (`COD_OB`, `ID_LIB`) VALUES (54, 'LIB-000054');
INSERT INTO `ESTA_EN` (`COD_OB`, `ID_LIB`) VALUES (54, 'LIB-010054');
INSERT INTO `ESTA_EN` (`COD_OB`, `ID_LIB`) VALUES (55, 'LIB-000055');
INSERT INTO `ESTA_EN` (`COD_OB`, `ID_LIB`) VALUES (56, 'LIB-000056');
INSERT INTO `ESTA_EN` (`COD_OB`, `ID_LIB`) VALUES (57, 'LIB-000057');
INSERT INTO `ESTA_EN` (`COD_OB`, `ID_LIB`) VALUES (58, 'LIB-000058');
INSERT INTO `ESTA_EN` (`COD_OB`, `ID_LIB`) VALUES (59, 'LIB-000059');
INSERT INTO `ESTA_EN` (`COD_OB`, `ID_LIB`) VALUES (60, 'LIB-000060');
INSERT INTO `ESTA_EN` (`COD_OB`, `ID_LIB`) VALUES (61, 'LIB-000061');
INSERT INTO `ESTA_EN` (`COD_OB`, `ID_LIB`) VALUES (62, 'LIB-000062');
INSERT INTO `ESTA_EN` (`COD_OB`, `ID_LIB`) VALUES (63, 'LIB-000063');
INSERT INTO `ESTA_EN` (`COD_OB`, `ID_LIB`) VALUES (64, 'LIB-000064');
INSERT INTO `ESTA_EN` (`COD_OB`, `ID_LIB`) VALUES (65, 'LIB-000065');
INSERT INTO `ESTA_EN` (`COD_OB`, `ID_LIB`) VALUES (66, 'LIB-000066');
INSERT INTO `ESTA_EN` (`COD_OB`, `ID_LIB`) VALUES (67, 'LIB-000066');
INSERT INTO `ESTA_EN` (`COD_OB`, `ID_LIB`) VALUES (68, 'LIB-000066');
INSERT INTO `ESTA_EN` (`COD_OB`, `ID_LIB`) VALUES (69, 'LIB-000066');
INSERT INTO `ESTA_EN` (`COD_OB`, `ID_LIB`) VALUES (70, 'LIB-000070');
INSERT INTO `ESTA_EN` (`COD_OB`, `ID_LIB`) VALUES (71, 'LIB-000070');
INSERT INTO `ESTA_EN` (`COD_OB`, `ID_LIB`) VALUES (72, 'LIB-000070');
INSERT INTO `ESTA_EN` (`COD_OB`, `ID_LIB`) VALUES (73, 'LIB-000073');
INSERT INTO `ESTA_EN` (`COD_OB`, `ID_LIB`) VALUES (74, 'LIB-000073');
INSERT INTO `ESTA_EN` (`COD_OB`, `ID_LIB`) VALUES (75, 'LIB-000073');
INSERT INTO `ESTA_EN` (`COD_OB`, `ID_LIB`) VALUES (76, 'LIB-000076');
INSERT INTO `ESTA_EN` (`COD_OB`, `ID_LIB`) VALUES (77, 'LIB-000076');
INSERT INTO `ESTA_EN` (`COD_OB`, `ID_LIB`) VALUES (78, 'LIB-000076');
INSERT INTO `ESTA_EN` (`COD_OB`, `ID_LIB`) VALUES (79, 'LIB-000031');
INSERT INTO `ESTA_EN` (`COD_OB`, `ID_LIB`) VALUES (79, 'LIB-000470');
INSERT INTO `ESTA_EN` (`COD_OB`, `ID_LIB`) VALUES (80, 'LIB-000031');
INSERT INTO `ESTA_EN` (`COD_OB`, `ID_LIB`) VALUES (80, 'LIB-000470');
INSERT INTO `ESTA_EN` (`COD_OB`, `ID_LIB`) VALUES (81, 'LIB-000081');
INSERT INTO `ESTA_EN` (`COD_OB`, `ID_LIB`) VALUES (82, 'LIB-000081');
INSERT INTO `ESTA_EN` (`COD_OB`, `ID_LIB`) VALUES (83, 'LIB-000081');
INSERT INTO `ESTA_EN` (`COD_OB`, `ID_LIB`) VALUES (84, 'LIB-000084');
INSERT INTO `ESTA_EN` (`COD_OB`, `ID_LIB`) VALUES (85, 'LIB-000084');
INSERT INTO `ESTA_EN` (`COD_OB`, `ID_LIB`) VALUES (86, 'LIB-000084');
INSERT INTO `ESTA_EN` (`COD_OB`, `ID_LIB`) VALUES (87, 'LIB-000087');
INSERT INTO `ESTA_EN` (`COD_OB`, `ID_LIB`) VALUES (88, 'LIB-000088');
INSERT INTO `ESTA_EN` (`COD_OB`, `ID_LIB`) VALUES (88, 'LIB-010088');
INSERT INTO `ESTA_EN` (`COD_OB`, `ID_LIB`) VALUES (89, 'LIB-000089');
INSERT INTO `ESTA_EN` (`COD_OB`, `ID_LIB`) VALUES (90, 'LIB-000017');
INSERT INTO `ESTA_EN` (`COD_OB`, `ID_LIB`) VALUES (91, 'LIB-000017');
INSERT INTO `ESTA_EN` (`COD_OB`, `ID_LIB`) VALUES (92, 'LIB-000092');
INSERT INTO `ESTA_EN` (`COD_OB`, `ID_LIB`) VALUES (93, 'LIB-000093');
INSERT INTO `ESTA_EN` (`COD_OB`, `ID_LIB`) VALUES (94, 'LIB-000094');
INSERT INTO `ESTA_EN` (`COD_OB`, `ID_LIB`) VALUES (95, 'LIB-000095');
INSERT INTO `ESTA_EN` (`COD_OB`, `ID_LIB`) VALUES (96, 'LIB-000096');
INSERT INTO `ESTA_EN` (`COD_OB`, `ID_LIB`) VALUES (97, 'LIB-000097');
INSERT INTO `ESTA_EN` (`COD_OB`, `ID_LIB`) VALUES (98, 'LIB-000098');
INSERT INTO `ESTA_EN` (`COD_OB`, `ID_LIB`) VALUES (99, 'LIB-000099');
INSERT INTO `ESTA_EN` (`COD_OB`, `ID_LIB`) VALUES (100, 'LIB-000100');
INSERT INTO `ESTA_EN` (`COD_OB`, `ID_LIB`) VALUES (101, 'LIB-000100');
INSERT INTO `ESTA_EN` (`COD_OB`, `ID_LIB`) VALUES (102, 'LIB-000100');
INSERT INTO `ESTA_EN` (`COD_OB`, `ID_LIB`) VALUES (103, 'LIB-000100');
INSERT INTO `ESTA_EN` (`COD_OB`, `ID_LIB`) VALUES (104, 'LIB-000100');
INSERT INTO `ESTA_EN` (`COD_OB`, `ID_LIB`) VALUES (105, 'LIB-000100');
INSERT INTO `ESTA_EN` (`COD_OB`, `ID_LIB`) VALUES (106, 'LIB-000100');
INSERT INTO `ESTA_EN` (`COD_OB`, `ID_LIB`) VALUES (107, 'LIB-000100');
INSERT INTO `ESTA_EN` (`COD_OB`, `ID_LIB`) VALUES (108, 'LIB-000100');
INSERT INTO `ESTA_EN` (`COD_OB`, `ID_LIB`) VALUES (109, 'LIB-000100');
INSERT INTO `ESTA_EN` (`COD_OB`, `ID_LIB`) VALUES (110, 'LIB-000100');
INSERT INTO `ESTA_EN` (`COD_OB`, `ID_LIB`) VALUES (111, 'LIB-000100');
INSERT INTO `ESTA_EN` (`COD_OB`, `ID_LIB`) VALUES (112, 'LIB-000100');
INSERT INTO `ESTA_EN` (`COD_OB`, `ID_LIB`) VALUES (113, 'LIB-000100');
INSERT INTO `ESTA_EN` (`COD_OB`, `ID_LIB`) VALUES (114, 'LIB-000100');
INSERT INTO `ESTA_EN` (`COD_OB`, `ID_LIB`) VALUES (115, 'LIB-000100');
INSERT INTO `ESTA_EN` (`COD_OB`, `ID_LIB`) VALUES (116, 'LIB-000100');
INSERT INTO `ESTA_EN` (`COD_OB`, `ID_LIB`) VALUES (117, 'LIB-000117');
INSERT INTO `ESTA_EN` (`COD_OB`, `ID_LIB`) VALUES (118, 'LIB-000118');
INSERT INTO `ESTA_EN` (`COD_OB`, `ID_LIB`) VALUES (119, 'LIB-000119');
INSERT INTO `ESTA_EN` (`COD_OB`, `ID_LIB`) VALUES (120, 'LIB-000120');
INSERT INTO `ESTA_EN` (`COD_OB`, `ID_LIB`) VALUES (121, 'LIB-000121');
INSERT INTO `ESTA_EN` (`COD_OB`, `ID_LIB`) VALUES (122, 'LIB-000122');
INSERT INTO `ESTA_EN` (`COD_OB`, `ID_LIB`) VALUES (125, 'LIB-000125');
INSERT INTO `ESTA_EN` (`COD_OB`, `ID_LIB`) VALUES (126, 'LIB-000125');
INSERT INTO `ESTA_EN` (`COD_OB`, `ID_LIB`) VALUES (127, 'LIB-000127');
INSERT INTO `ESTA_EN` (`COD_OB`, `ID_LIB`) VALUES (128, 'LIB-000128');
INSERT INTO `ESTA_EN` (`COD_OB`, `ID_LIB`) VALUES (129, 'LIB-000129');
INSERT INTO `ESTA_EN` (`COD_OB`, `ID_LIB`) VALUES (130, 'LIB-000130');
INSERT INTO `ESTA_EN` (`COD_OB`, `ID_LIB`) VALUES (131, 'LIB-000045');
INSERT INTO `ESTA_EN` (`COD_OB`, `ID_LIB`) VALUES (132, 'LIB-000132');
INSERT INTO `ESTA_EN` (`COD_OB`, `ID_LIB`) VALUES (133, 'LIB-000133');
INSERT INTO `ESTA_EN` (`COD_OB`, `ID_LIB`) VALUES (134, 'LIB-000134');
INSERT INTO `ESTA_EN` (`COD_OB`, `ID_LIB`) VALUES (135, 'LIB-000135');
INSERT INTO `ESTA_EN` (`COD_OB`, `ID_LIB`) VALUES (136, 'LIB-000136');
INSERT INTO `ESTA_EN` (`COD_OB`, `ID_LIB`) VALUES (137, 'LIB-000137');
INSERT INTO `ESTA_EN` (`COD_OB`, `ID_LIB`) VALUES (138, 'LIB-000138');
INSERT INTO `ESTA_EN` (`COD_OB`, `ID_LIB`) VALUES (139, 'LIB-000139');
INSERT INTO `ESTA_EN` (`COD_OB`, `ID_LIB`) VALUES (140, 'LIB-000140');
INSERT INTO `ESTA_EN` (`COD_OB`, `ID_LIB`) VALUES (141, 'LIB-000141');
INSERT INTO `ESTA_EN` (`COD_OB`, `ID_LIB`) VALUES (142, 'LIB-000142');
INSERT INTO `ESTA_EN` (`COD_OB`, `ID_LIB`) VALUES (143, 'LIB-000143');
INSERT INTO `ESTA_EN` (`COD_OB`, `ID_LIB`) VALUES (144, 'LIB-000144');
INSERT INTO `ESTA_EN` (`COD_OB`, `ID_LIB`) VALUES (145, 'LIB-000145');
INSERT INTO `ESTA_EN` (`COD_OB`, `ID_LIB`) VALUES (146, 'LIB-000146');
INSERT INTO `ESTA_EN` (`COD_OB`, `ID_LIB`) VALUES (147, 'LIB-000147');
INSERT INTO `ESTA_EN` (`COD_OB`, `ID_LIB`) VALUES (148, 'LIB-000148');
INSERT INTO `ESTA_EN` (`COD_OB`, `ID_LIB`) VALUES (149, 'LIB-000149');
INSERT INTO `ESTA_EN` (`COD_OB`, `ID_LIB`) VALUES (150, 'LIB-000150');
INSERT INTO `ESTA_EN` (`COD_OB`, `ID_LIB`) VALUES (151, 'LIB-000151');
INSERT INTO `ESTA_EN` (`COD_OB`, `ID_LIB`) VALUES (152, 'LIB-000152');
INSERT INTO `ESTA_EN` (`COD_OB`, `ID_LIB`) VALUES (153, 'LIB-000153');
INSERT INTO `ESTA_EN` (`COD_OB`, `ID_LIB`) VALUES (154, 'LIB-000154');
INSERT INTO `ESTA_EN` (`COD_OB`, `ID_LIB`) VALUES (155, 'LIB-000155');
INSERT INTO `ESTA_EN` (`COD_OB`, `ID_LIB`) VALUES (156, 'LIB-000156');
INSERT INTO `ESTA_EN` (`COD_OB`, `ID_LIB`) VALUES (157, 'LIB-000157');
INSERT INTO `ESTA_EN` (`COD_OB`, `ID_LIB`) VALUES (158, 'LIB-000158');
INSERT INTO `ESTA_EN` (`COD_OB`, `ID_LIB`) VALUES (159, 'LIB-000159');
INSERT INTO `ESTA_EN` (`COD_OB`, `ID_LIB`) VALUES (160, 'LIB-000160');
INSERT INTO `ESTA_EN` (`COD_OB`, `ID_LIB`) VALUES (161, 'LIB-000161');
INSERT INTO `ESTA_EN` (`COD_OB`, `ID_LIB`) VALUES (162, 'LIB-000162');
INSERT INTO `ESTA_EN` (`COD_OB`, `ID_LIB`) VALUES (163, 'LIB-000163');
INSERT INTO `ESTA_EN` (`COD_OB`, `ID_LIB`) VALUES (164, 'LIB-000164');
INSERT INTO `ESTA_EN` (`COD_OB`, `ID_LIB`) VALUES (165, 'LIB-000165');
INSERT INTO `ESTA_EN` (`COD_OB`, `ID_LIB`) VALUES (166, 'LIB-000166');
INSERT INTO `ESTA_EN` (`COD_OB`, `ID_LIB`) VALUES (167, 'LIB-000167');
INSERT INTO `ESTA_EN` (`COD_OB`, `ID_LIB`) VALUES (168, 'LIB-000168');
INSERT INTO `ESTA_EN` (`COD_OB`, `ID_LIB`) VALUES (169, 'LIB-000169');
INSERT INTO `ESTA_EN` (`COD_OB`, `ID_LIB`) VALUES (170, 'LIB-000170');
INSERT INTO `ESTA_EN` (`COD_OB`, `ID_LIB`) VALUES (171, 'LIB-000171');
INSERT INTO `ESTA_EN` (`COD_OB`, `ID_LIB`) VALUES (172, 'LIB-000172');
INSERT INTO `ESTA_EN` (`COD_OB`, `ID_LIB`) VALUES (173, 'LIB-000173');
INSERT INTO `ESTA_EN` (`COD_OB`, `ID_LIB`) VALUES (176, 'LIB-000176');
INSERT INTO `ESTA_EN` (`COD_OB`, `ID_LIB`) VALUES (177, 'LIB-000349');
INSERT INTO `ESTA_EN` (`COD_OB`, `ID_LIB`) VALUES (178, 'LIB-000178');
INSERT INTO `ESTA_EN` (`COD_OB`, `ID_LIB`) VALUES (179, 'LIB-000179');
INSERT INTO `ESTA_EN` (`COD_OB`, `ID_LIB`) VALUES (180, 'LIB-000349');
INSERT INTO `ESTA_EN` (`COD_OB`, `ID_LIB`) VALUES (181, 'LIB-000181');
INSERT INTO `ESTA_EN` (`COD_OB`, `ID_LIB`) VALUES (182, 'LIB-000182');
INSERT INTO `ESTA_EN` (`COD_OB`, `ID_LIB`) VALUES (183, 'LIB-000183');
INSERT INTO `ESTA_EN` (`COD_OB`, `ID_LIB`) VALUES (184, 'LIB-000184');
INSERT INTO `ESTA_EN` (`COD_OB`, `ID_LIB`) VALUES (185, 'LIB-000185');
INSERT INTO `ESTA_EN` (`COD_OB`, `ID_LIB`) VALUES (186, 'LIB-000186');
INSERT INTO `ESTA_EN` (`COD_OB`, `ID_LIB`) VALUES (187, 'LIB-000187');
INSERT INTO `ESTA_EN` (`COD_OB`, `ID_LIB`) VALUES (188, 'LIB-000187');
INSERT INTO `ESTA_EN` (`COD_OB`, `ID_LIB`) VALUES (189, 'LIB-000189');
INSERT INTO `ESTA_EN` (`COD_OB`, `ID_LIB`) VALUES (190, 'LIB-000190');
INSERT INTO `ESTA_EN` (`COD_OB`, `ID_LIB`) VALUES (191, 'LIB-000191');
INSERT INTO `ESTA_EN` (`COD_OB`, `ID_LIB`) VALUES (192, 'LIB-000192');
INSERT INTO `ESTA_EN` (`COD_OB`, `ID_LIB`) VALUES (193, 'LIB-000193');
INSERT INTO `ESTA_EN` (`COD_OB`, `ID_LIB`) VALUES (194, 'LIB-000194');
INSERT INTO `ESTA_EN` (`COD_OB`, `ID_LIB`) VALUES (195, 'LIB-000195');
INSERT INTO `ESTA_EN` (`COD_OB`, `ID_LIB`) VALUES (196, 'LIB-000196');
INSERT INTO `ESTA_EN` (`COD_OB`, `ID_LIB`) VALUES (197, 'LIB-000197');
INSERT INTO `ESTA_EN` (`COD_OB`, `ID_LIB`) VALUES (198, 'LIB-000197');
INSERT INTO `ESTA_EN` (`COD_OB`, `ID_LIB`) VALUES (199, 'LIB-000197');
INSERT INTO `ESTA_EN` (`COD_OB`, `ID_LIB`) VALUES (200, 'LIB-000197');
INSERT INTO `ESTA_EN` (`COD_OB`, `ID_LIB`) VALUES (201, 'LIB-000197');
INSERT INTO `ESTA_EN` (`COD_OB`, `ID_LIB`) VALUES (202, 'LIB-000197');
INSERT INTO `ESTA_EN` (`COD_OB`, `ID_LIB`) VALUES (203, 'LIB-000197');
INSERT INTO `ESTA_EN` (`COD_OB`, `ID_LIB`) VALUES (204, 'LIB-000197');
INSERT INTO `ESTA_EN` (`COD_OB`, `ID_LIB`) VALUES (205, 'LIB-000197');
INSERT INTO `ESTA_EN` (`COD_OB`, `ID_LIB`) VALUES (206, 'LIB-000197');
INSERT INTO `ESTA_EN` (`COD_OB`, `ID_LIB`) VALUES (207, 'LIB-000197');
INSERT INTO `ESTA_EN` (`COD_OB`, `ID_LIB`) VALUES (208, 'LIB-000197');
INSERT INTO `ESTA_EN` (`COD_OB`, `ID_LIB`) VALUES (209, 'LIB-000197');
INSERT INTO `ESTA_EN` (`COD_OB`, `ID_LIB`) VALUES (210, 'LIB-000197');
INSERT INTO `ESTA_EN` (`COD_OB`, `ID_LIB`) VALUES (211, 'LIB-000197');
INSERT INTO `ESTA_EN` (`COD_OB`, `ID_LIB`) VALUES (212, 'LIB-000197');
INSERT INTO `ESTA_EN` (`COD_OB`, `ID_LIB`) VALUES (213, 'LIB-000213');
INSERT INTO `ESTA_EN` (`COD_OB`, `ID_LIB`) VALUES (214, 'LIB-000214');
INSERT INTO `ESTA_EN` (`COD_OB`, `ID_LIB`) VALUES (215, 'LIB-000215');
INSERT INTO `ESTA_EN` (`COD_OB`, `ID_LIB`) VALUES (216, 'LIB-000216');
INSERT INTO `ESTA_EN` (`COD_OB`, `ID_LIB`) VALUES (217, 'LIB-000217');
INSERT INTO `ESTA_EN` (`COD_OB`, `ID_LIB`) VALUES (218, 'LIB-000218');
INSERT INTO `ESTA_EN` (`COD_OB`, `ID_LIB`) VALUES (219, 'LIB-000219');
INSERT INTO `ESTA_EN` (`COD_OB`, `ID_LIB`) VALUES (220, 'LIB-000220');
INSERT INTO `ESTA_EN` (`COD_OB`, `ID_LIB`) VALUES (221, 'LIB-000221');
INSERT INTO `ESTA_EN` (`COD_OB`, `ID_LIB`) VALUES (222, 'LIB-000222');
INSERT INTO `ESTA_EN` (`COD_OB`, `ID_LIB`) VALUES (223, 'LIB-000223');
INSERT INTO `ESTA_EN` (`COD_OB`, `ID_LIB`) VALUES (224, 'LIB-000224');
INSERT INTO `ESTA_EN` (`COD_OB`, `ID_LIB`) VALUES (225, 'LIB-000225');
INSERT INTO `ESTA_EN` (`COD_OB`, `ID_LIB`) VALUES (226, 'LIB-000226');
INSERT INTO `ESTA_EN` (`COD_OB`, `ID_LIB`) VALUES (227, 'LIB-000226');
INSERT INTO `ESTA_EN` (`COD_OB`, `ID_LIB`) VALUES (228, 'LIB-000226');
INSERT INTO `ESTA_EN` (`COD_OB`, `ID_LIB`) VALUES (229, 'LIB-000226');
INSERT INTO `ESTA_EN` (`COD_OB`, `ID_LIB`) VALUES (230, 'LIB-000226');
INSERT INTO `ESTA_EN` (`COD_OB`, `ID_LIB`) VALUES (231, 'LIB-000226');
INSERT INTO `ESTA_EN` (`COD_OB`, `ID_LIB`) VALUES (232, 'LIB-000226');
INSERT INTO `ESTA_EN` (`COD_OB`, `ID_LIB`) VALUES (233, 'LIB-000226');
INSERT INTO `ESTA_EN` (`COD_OB`, `ID_LIB`) VALUES (234, 'LIB-000226');
INSERT INTO `ESTA_EN` (`COD_OB`, `ID_LIB`) VALUES (235, 'LIB-000226');
INSERT INTO `ESTA_EN` (`COD_OB`, `ID_LIB`) VALUES (236, 'LIB-000226');
INSERT INTO `ESTA_EN` (`COD_OB`, `ID_LIB`) VALUES (237, 'LIB-000226');
INSERT INTO `ESTA_EN` (`COD_OB`, `ID_LIB`) VALUES (238, 'LIB-000226');
INSERT INTO `ESTA_EN` (`COD_OB`, `ID_LIB`) VALUES (239, 'LIB-000226');
INSERT INTO `ESTA_EN` (`COD_OB`, `ID_LIB`) VALUES (240, 'LIB-000226');
INSERT INTO `ESTA_EN` (`COD_OB`, `ID_LIB`) VALUES (241, 'LIB-000226');
INSERT INTO `ESTA_EN` (`COD_OB`, `ID_LIB`) VALUES (242, 'LIB-000226');
INSERT INTO `ESTA_EN` (`COD_OB`, `ID_LIB`) VALUES (243, 'LIB-000226');
INSERT INTO `ESTA_EN` (`COD_OB`, `ID_LIB`) VALUES (244, 'LIB-000226');
INSERT INTO `ESTA_EN` (`COD_OB`, `ID_LIB`) VALUES (245, 'LIB-000226');
INSERT INTO `ESTA_EN` (`COD_OB`, `ID_LIB`) VALUES (246, 'LIB-000226');
INSERT INTO `ESTA_EN` (`COD_OB`, `ID_LIB`) VALUES (247, 'LIB-000226');
INSERT INTO `ESTA_EN` (`COD_OB`, `ID_LIB`) VALUES (248, 'LIB-000226');
INSERT INTO `ESTA_EN` (`COD_OB`, `ID_LIB`) VALUES (249, 'LIB-000226');
INSERT INTO `ESTA_EN` (`COD_OB`, `ID_LIB`) VALUES (250, 'LIB-000226');
INSERT INTO `ESTA_EN` (`COD_OB`, `ID_LIB`) VALUES (252, 'LIB-000046');
INSERT INTO `ESTA_EN` (`COD_OB`, `ID_LIB`) VALUES (253, 'LIB-000253');
INSERT INTO `ESTA_EN` (`COD_OB`, `ID_LIB`) VALUES (254, 'LIB-000254');
INSERT INTO `ESTA_EN` (`COD_OB`, `ID_LIB`) VALUES (255, 'LIB-000255');
INSERT INTO `ESTA_EN` (`COD_OB`, `ID_LIB`) VALUES (256, 'LIB-000256');
INSERT INTO `ESTA_EN` (`COD_OB`, `ID_LIB`) VALUES (257, 'LIB-000257');
INSERT INTO `ESTA_EN` (`COD_OB`, `ID_LIB`) VALUES (258, 'LIB-000258');
INSERT INTO `ESTA_EN` (`COD_OB`, `ID_LIB`) VALUES (259, 'LIB-000349');
INSERT INTO `ESTA_EN` (`COD_OB`, `ID_LIB`) VALUES (260, 'LIB-000260');
INSERT INTO `ESTA_EN` (`COD_OB`, `ID_LIB`) VALUES (261, 'LIB-000261');
INSERT INTO `ESTA_EN` (`COD_OB`, `ID_LIB`) VALUES (262, 'LIB-000261');
INSERT INTO `ESTA_EN` (`COD_OB`, `ID_LIB`) VALUES (263, 'LIB-000263');
INSERT INTO `ESTA_EN` (`COD_OB`, `ID_LIB`) VALUES (264, 'LIB-000263');
INSERT INTO `ESTA_EN` (`COD_OB`, `ID_LIB`) VALUES (265, 'LIB-000265');
INSERT INTO `ESTA_EN` (`COD_OB`, `ID_LIB`) VALUES (266, 'LIB-000266');
INSERT INTO `ESTA_EN` (`COD_OB`, `ID_LIB`) VALUES (267, 'LIB-000266');
INSERT INTO `ESTA_EN` (`COD_OB`, `ID_LIB`) VALUES (268, 'LIB-000266');
INSERT INTO `ESTA_EN` (`COD_OB`, `ID_LIB`) VALUES (269, 'LIB-000266');
INSERT INTO `ESTA_EN` (`COD_OB`, `ID_LIB`) VALUES (270, 'LIB-000266');
INSERT INTO `ESTA_EN` (`COD_OB`, `ID_LIB`) VALUES (271, 'LIB-000266');
INSERT INTO `ESTA_EN` (`COD_OB`, `ID_LIB`) VALUES (272, 'LIB-000266');
INSERT INTO `ESTA_EN` (`COD_OB`, `ID_LIB`) VALUES (273, 'LIB-000266');
INSERT INTO `ESTA_EN` (`COD_OB`, `ID_LIB`) VALUES (274, 'LIB-000266');
INSERT INTO `ESTA_EN` (`COD_OB`, `ID_LIB`) VALUES (275, 'LIB-000266');
INSERT INTO `ESTA_EN` (`COD_OB`, `ID_LIB`) VALUES (276, 'LIB-000266');
INSERT INTO `ESTA_EN` (`COD_OB`, `ID_LIB`) VALUES (277, 'LIB-000266');
INSERT INTO `ESTA_EN` (`COD_OB`, `ID_LIB`) VALUES (278, 'LIB-000266');
INSERT INTO `ESTA_EN` (`COD_OB`, `ID_LIB`) VALUES (279, 'LIB-000266');
INSERT INTO `ESTA_EN` (`COD_OB`, `ID_LIB`) VALUES (280, 'LIB-000266');
INSERT INTO `ESTA_EN` (`COD_OB`, `ID_LIB`) VALUES (281, 'LIB-000266');
INSERT INTO `ESTA_EN` (`COD_OB`, `ID_LIB`) VALUES (282, 'LIB-000266');
INSERT INTO `ESTA_EN` (`COD_OB`, `ID_LIB`) VALUES (283, 'LIB-000266');
INSERT INTO `ESTA_EN` (`COD_OB`, `ID_LIB`) VALUES (284, 'LIB-000266');
INSERT INTO `ESTA_EN` (`COD_OB`, `ID_LIB`) VALUES (285, 'LIB-000285');
INSERT INTO `ESTA_EN` (`COD_OB`, `ID_LIB`) VALUES (286, 'LIB-000286');
INSERT INTO `ESTA_EN` (`COD_OB`, `ID_LIB`) VALUES (287, 'LIB-000287');
INSERT INTO `ESTA_EN` (`COD_OB`, `ID_LIB`) VALUES (288, 'LIB-000288');
INSERT INTO `ESTA_EN` (`COD_OB`, `ID_LIB`) VALUES (289, 'LIB-000288');
INSERT INTO `ESTA_EN` (`COD_OB`, `ID_LIB`) VALUES (290, 'LIB-000288');
INSERT INTO `ESTA_EN` (`COD_OB`, `ID_LIB`) VALUES (291, 'LIB-000288');
INSERT INTO `ESTA_EN` (`COD_OB`, `ID_LIB`) VALUES (292, 'LIB-000288');
INSERT INTO `ESTA_EN` (`COD_OB`, `ID_LIB`) VALUES (293, 'LIB-000288');
INSERT INTO `ESTA_EN` (`COD_OB`, `ID_LIB`) VALUES (294, 'LIB-000288');
INSERT INTO `ESTA_EN` (`COD_OB`, `ID_LIB`) VALUES (295, 'LIB-000288');
INSERT INTO `ESTA_EN` (`COD_OB`, `ID_LIB`) VALUES (296, 'LIB-000288');
INSERT INTO `ESTA_EN` (`COD_OB`, `ID_LIB`) VALUES (297, 'LIB-000288');
INSERT INTO `ESTA_EN` (`COD_OB`, `ID_LIB`) VALUES (298, 'LIB-000288');
INSERT INTO `ESTA_EN` (`COD_OB`, `ID_LIB`) VALUES (299, 'LIB-000288');
INSERT INTO `ESTA_EN` (`COD_OB`, `ID_LIB`) VALUES (300, 'LIB-000288');
INSERT INTO `ESTA_EN` (`COD_OB`, `ID_LIB`) VALUES (301, 'LIB-000301');
INSERT INTO `ESTA_EN` (`COD_OB`, `ID_LIB`) VALUES (302, 'LIB-000301');
INSERT INTO `ESTA_EN` (`COD_OB`, `ID_LIB`) VALUES (303, 'LIB-000301');
INSERT INTO `ESTA_EN` (`COD_OB`, `ID_LIB`) VALUES (304, 'LIB-000301');
INSERT INTO `ESTA_EN` (`COD_OB`, `ID_LIB`) VALUES (305, 'LIB-000301');
INSERT INTO `ESTA_EN` (`COD_OB`, `ID_LIB`) VALUES (306, 'LIB-000301');
INSERT INTO `ESTA_EN` (`COD_OB`, `ID_LIB`) VALUES (307, 'LIB-000301');
INSERT INTO `ESTA_EN` (`COD_OB`, `ID_LIB`) VALUES (308, 'LIB-000301');
INSERT INTO `ESTA_EN` (`COD_OB`, `ID_LIB`) VALUES (309, 'LIB-000301');
INSERT INTO `ESTA_EN` (`COD_OB`, `ID_LIB`) VALUES (310, 'LIB-000310');
INSERT INTO `ESTA_EN` (`COD_OB`, `ID_LIB`) VALUES (311, 'LIB-000311');
INSERT INTO `ESTA_EN` (`COD_OB`, `ID_LIB`) VALUES (312, 'LIB-000312');
INSERT INTO `ESTA_EN` (`COD_OB`, `ID_LIB`) VALUES (313, 'LIB-000313');
INSERT INTO `ESTA_EN` (`COD_OB`, `ID_LIB`) VALUES (314, 'LIB-000314');
INSERT INTO `ESTA_EN` (`COD_OB`, `ID_LIB`) VALUES (315, 'LIB-000315');
INSERT INTO `ESTA_EN` (`COD_OB`, `ID_LIB`) VALUES (316, 'LIB-000316');
INSERT INTO `ESTA_EN` (`COD_OB`, `ID_LIB`) VALUES (317, 'LIB-000317');
INSERT INTO `ESTA_EN` (`COD_OB`, `ID_LIB`) VALUES (318, 'LIB-000318');
INSERT INTO `ESTA_EN` (`COD_OB`, `ID_LIB`) VALUES (319, 'LIB-000319');
INSERT INTO `ESTA_EN` (`COD_OB`, `ID_LIB`) VALUES (321, 'LIB-000321');
INSERT INTO `ESTA_EN` (`COD_OB`, `ID_LIB`) VALUES (322, 'LIB-000322');
INSERT INTO `ESTA_EN` (`COD_OB`, `ID_LIB`) VALUES (330, 'LIB-000324');
INSERT INTO `ESTA_EN` (`COD_OB`, `ID_LIB`) VALUES (344, 'LIB-000349');
INSERT INTO `ESTA_EN` (`COD_OB`, `ID_LIB`) VALUES (345, 'LIB-000345');
INSERT INTO `ESTA_EN` (`COD_OB`, `ID_LIB`) VALUES (346, 'LIB-000346');
INSERT INTO `ESTA_EN` (`COD_OB`, `ID_LIB`) VALUES (347, 'LIB-000347');
INSERT INTO `ESTA_EN` (`COD_OB`, `ID_LIB`) VALUES (348, 'LIB-000348');
INSERT INTO `ESTA_EN` (`COD_OB`, `ID_LIB`) VALUES (350, 'LIB-000350');
INSERT INTO `ESTA_EN` (`COD_OB`, `ID_LIB`) VALUES (351, 'LIB-000351');
INSERT INTO `ESTA_EN` (`COD_OB`, `ID_LIB`) VALUES (352, 'LIB-000352');
INSERT INTO `ESTA_EN` (`COD_OB`, `ID_LIB`) VALUES (353, 'LIB-000353');
INSERT INTO `ESTA_EN` (`COD_OB`, `ID_LIB`) VALUES (354, 'LIB-000354');
INSERT INTO `ESTA_EN` (`COD_OB`, `ID_LIB`) VALUES (355, 'LIB-000355');
INSERT INTO `ESTA_EN` (`COD_OB`, `ID_LIB`) VALUES (356, 'LIB-000356');
INSERT INTO `ESTA_EN` (`COD_OB`, `ID_LIB`) VALUES (357, 'LIB-000357');
INSERT INTO `ESTA_EN` (`COD_OB`, `ID_LIB`) VALUES (358, 'LIB-000358');
INSERT INTO `ESTA_EN` (`COD_OB`, `ID_LIB`) VALUES (359, 'LIB-000359');
INSERT INTO `ESTA_EN` (`COD_OB`, `ID_LIB`) VALUES (360, 'LIB-000360');
INSERT INTO `ESTA_EN` (`COD_OB`, `ID_LIB`) VALUES (361, 'LIB-000361');
INSERT INTO `ESTA_EN` (`COD_OB`, `ID_LIB`) VALUES (362, 'LIB-000362');
INSERT INTO `ESTA_EN` (`COD_OB`, `ID_LIB`) VALUES (363, 'LIB-000363');
INSERT INTO `ESTA_EN` (`COD_OB`, `ID_LIB`) VALUES (364, 'LIB-000364');
INSERT INTO `ESTA_EN` (`COD_OB`, `ID_LIB`) VALUES (365, 'LIB-000365');
INSERT INTO `ESTA_EN` (`COD_OB`, `ID_LIB`) VALUES (366, 'LIB-000366');
INSERT INTO `ESTA_EN` (`COD_OB`, `ID_LIB`) VALUES (367, 'LIB-000367');
INSERT INTO `ESTA_EN` (`COD_OB`, `ID_LIB`) VALUES (368, 'LIB-000368');
INSERT INTO `ESTA_EN` (`COD_OB`, `ID_LIB`) VALUES (369, 'LIB-000369');
INSERT INTO `ESTA_EN` (`COD_OB`, `ID_LIB`) VALUES (370, 'LIB-000370');
INSERT INTO `ESTA_EN` (`COD_OB`, `ID_LIB`) VALUES (371, 'LIB-000371');
INSERT INTO `ESTA_EN` (`COD_OB`, `ID_LIB`) VALUES (372, 'LIB-000372');
INSERT INTO `ESTA_EN` (`COD_OB`, `ID_LIB`) VALUES (373, 'LIB-000373');
INSERT INTO `ESTA_EN` (`COD_OB`, `ID_LIB`) VALUES (374, 'LIB-000374');
INSERT INTO `ESTA_EN` (`COD_OB`, `ID_LIB`) VALUES (375, 'LIB-000375');
INSERT INTO `ESTA_EN` (`COD_OB`, `ID_LIB`) VALUES (376, 'LIB-000376');
INSERT INTO `ESTA_EN` (`COD_OB`, `ID_LIB`) VALUES (377, 'LIB-000377');
INSERT INTO `ESTA_EN` (`COD_OB`, `ID_LIB`) VALUES (378, 'LIB-000378');
INSERT INTO `ESTA_EN` (`COD_OB`, `ID_LIB`) VALUES (379, 'LIB-000379');
INSERT INTO `ESTA_EN` (`COD_OB`, `ID_LIB`) VALUES (380, 'LIB-000380');
INSERT INTO `ESTA_EN` (`COD_OB`, `ID_LIB`) VALUES (381, 'LIB-000381');
INSERT INTO `ESTA_EN` (`COD_OB`, `ID_LIB`) VALUES (382, 'LIB-000382');
INSERT INTO `ESTA_EN` (`COD_OB`, `ID_LIB`) VALUES (383, 'LIB-000383');
INSERT INTO `ESTA_EN` (`COD_OB`, `ID_LIB`) VALUES (384, 'LIB-000384');
INSERT INTO `ESTA_EN` (`COD_OB`, `ID_LIB`) VALUES (385, 'LIB-000385');
INSERT INTO `ESTA_EN` (`COD_OB`, `ID_LIB`) VALUES (386, 'LIB-000386');
INSERT INTO `ESTA_EN` (`COD_OB`, `ID_LIB`) VALUES (387, 'LIB-000387');
INSERT INTO `ESTA_EN` (`COD_OB`, `ID_LIB`) VALUES (389, 'LIB-000389');
INSERT INTO `ESTA_EN` (`COD_OB`, `ID_LIB`) VALUES (390, 'LIB-000390');
INSERT INTO `ESTA_EN` (`COD_OB`, `ID_LIB`) VALUES (391, 'LIB-000391');
INSERT INTO `ESTA_EN` (`COD_OB`, `ID_LIB`) VALUES (392, 'LIB-000392');
INSERT INTO `ESTA_EN` (`COD_OB`, `ID_LIB`) VALUES (394, 'LIB-000349');
INSERT INTO `ESTA_EN` (`COD_OB`, `ID_LIB`) VALUES (395, 'LIB-000395');
INSERT INTO `ESTA_EN` (`COD_OB`, `ID_LIB`) VALUES (396, 'LIB-000396');
INSERT INTO `ESTA_EN` (`COD_OB`, `ID_LIB`) VALUES (397, 'LIB-000397');
INSERT INTO `ESTA_EN` (`COD_OB`, `ID_LIB`) VALUES (398, 'LIB-000398');
INSERT INTO `ESTA_EN` (`COD_OB`, `ID_LIB`) VALUES (399, 'LIB-000399');
INSERT INTO `ESTA_EN` (`COD_OB`, `ID_LIB`) VALUES (400, 'LIB-000400');
INSERT INTO `ESTA_EN` (`COD_OB`, `ID_LIB`) VALUES (401, 'LIB-000401');
INSERT INTO `ESTA_EN` (`COD_OB`, `ID_LIB`) VALUES (402, 'LIB-000402');
INSERT INTO `ESTA_EN` (`COD_OB`, `ID_LIB`) VALUES (403, 'LIB-000403');
INSERT INTO `ESTA_EN` (`COD_OB`, `ID_LIB`) VALUES (404, 'LIB-000404');
INSERT INTO `ESTA_EN` (`COD_OB`, `ID_LIB`) VALUES (405, 'LIB-000405');
INSERT INTO `ESTA_EN` (`COD_OB`, `ID_LIB`) VALUES (406, 'LIB-000406');
INSERT INTO `ESTA_EN` (`COD_OB`, `ID_LIB`) VALUES (407, 'LIB-000407');
INSERT INTO `ESTA_EN` (`COD_OB`, `ID_LIB`) VALUES (408, 'LIB-000408');
INSERT INTO `ESTA_EN` (`COD_OB`, `ID_LIB`) VALUES (409, 'LIB-000409');
INSERT INTO `ESTA_EN` (`COD_OB`, `ID_LIB`) VALUES (410, 'LIB-000409');
INSERT INTO `ESTA_EN` (`COD_OB`, `ID_LIB`) VALUES (411, 'LIB-000411');
INSERT INTO `ESTA_EN` (`COD_OB`, `ID_LIB`) VALUES (412, 'LIB-000411');
INSERT INTO `ESTA_EN` (`COD_OB`, `ID_LIB`) VALUES (413, 'LIB-000413');
INSERT INTO `ESTA_EN` (`COD_OB`, `ID_LIB`) VALUES (414, 'LIB-000414');
INSERT INTO `ESTA_EN` (`COD_OB`, `ID_LIB`) VALUES (415, 'LIB-000415');
INSERT INTO `ESTA_EN` (`COD_OB`, `ID_LIB`) VALUES (416, 'LIB-000416');
INSERT INTO `ESTA_EN` (`COD_OB`, `ID_LIB`) VALUES (417, 'LIB-000417');
INSERT INTO `ESTA_EN` (`COD_OB`, `ID_LIB`) VALUES (418, 'LIB-000418');
INSERT INTO `ESTA_EN` (`COD_OB`, `ID_LIB`) VALUES (419, 'LIB-000419');
INSERT INTO `ESTA_EN` (`COD_OB`, `ID_LIB`) VALUES (420, 'LIB-000420');
INSERT INTO `ESTA_EN` (`COD_OB`, `ID_LIB`) VALUES (421, 'LIB-000421');
INSERT INTO `ESTA_EN` (`COD_OB`, `ID_LIB`) VALUES (422, 'LIB-000422');
INSERT INTO `ESTA_EN` (`COD_OB`, `ID_LIB`) VALUES (423, 'LIB-000423');
INSERT INTO `ESTA_EN` (`COD_OB`, `ID_LIB`) VALUES (424, 'LIB-000424');
INSERT INTO `ESTA_EN` (`COD_OB`, `ID_LIB`) VALUES (425, 'LIB-000425');
INSERT INTO `ESTA_EN` (`COD_OB`, `ID_LIB`) VALUES (426, 'LIB-000426');
INSERT INTO `ESTA_EN` (`COD_OB`, `ID_LIB`) VALUES (427, 'LIB-000427');
INSERT INTO `ESTA_EN` (`COD_OB`, `ID_LIB`) VALUES (428, 'LIB-000428');
INSERT INTO `ESTA_EN` (`COD_OB`, `ID_LIB`) VALUES (429, 'LIB-000429');
INSERT INTO `ESTA_EN` (`COD_OB`, `ID_LIB`) VALUES (430, 'LIB-000430');
INSERT INTO `ESTA_EN` (`COD_OB`, `ID_LIB`) VALUES (431, 'LIB-000431');
INSERT INTO `ESTA_EN` (`COD_OB`, `ID_LIB`) VALUES (432, 'LIB-000432');
INSERT INTO `ESTA_EN` (`COD_OB`, `ID_LIB`) VALUES (433, 'LIB-000433');
INSERT INTO `ESTA_EN` (`COD_OB`, `ID_LIB`) VALUES (434, 'LIB-000434');
INSERT INTO `ESTA_EN` (`COD_OB`, `ID_LIB`) VALUES (435, 'LIB-000435');
INSERT INTO `ESTA_EN` (`COD_OB`, `ID_LIB`) VALUES (436, 'LIB-000436');
INSERT INTO `ESTA_EN` (`COD_OB`, `ID_LIB`) VALUES (437, 'LIB-000437');
INSERT INTO `ESTA_EN` (`COD_OB`, `ID_LIB`) VALUES (438, 'LIB-000437');
INSERT INTO `ESTA_EN` (`COD_OB`, `ID_LIB`) VALUES (439, 'LIB-000437');
INSERT INTO `ESTA_EN` (`COD_OB`, `ID_LIB`) VALUES (440, 'LIB-000437');
INSERT INTO `ESTA_EN` (`COD_OB`, `ID_LIB`) VALUES (441, 'LIB-000437');
INSERT INTO `ESTA_EN` (`COD_OB`, `ID_LIB`) VALUES (442, 'LIB-000437');
INSERT INTO `ESTA_EN` (`COD_OB`, `ID_LIB`) VALUES (443, 'LIB-000437');
INSERT INTO `ESTA_EN` (`COD_OB`, `ID_LIB`) VALUES (444, 'LIB-000437');
INSERT INTO `ESTA_EN` (`COD_OB`, `ID_LIB`) VALUES (445, 'LIB-000437');
INSERT INTO `ESTA_EN` (`COD_OB`, `ID_LIB`) VALUES (446, 'LIB-000437');
INSERT INTO `ESTA_EN` (`COD_OB`, `ID_LIB`) VALUES (447, 'LIB-000437');
INSERT INTO `ESTA_EN` (`COD_OB`, `ID_LIB`) VALUES (448, 'LIB-000448');
INSERT INTO `ESTA_EN` (`COD_OB`, `ID_LIB`) VALUES (449, 'LIB-000449');
INSERT INTO `ESTA_EN` (`COD_OB`, `ID_LIB`) VALUES (450, 'LIB-000450');
INSERT INTO `ESTA_EN` (`COD_OB`, `ID_LIB`) VALUES (451, 'LIB-000451');
INSERT INTO `ESTA_EN` (`COD_OB`, `ID_LIB`) VALUES (452, 'LIB-000452');
INSERT INTO `ESTA_EN` (`COD_OB`, `ID_LIB`) VALUES (453, 'LIB-000453');
INSERT INTO `ESTA_EN` (`COD_OB`, `ID_LIB`) VALUES (454, 'LIB-000454');
INSERT INTO `ESTA_EN` (`COD_OB`, `ID_LIB`) VALUES (455, 'LIB-000454');
INSERT INTO `ESTA_EN` (`COD_OB`, `ID_LIB`) VALUES (456, 'LIB-000456');
INSERT INTO `ESTA_EN` (`COD_OB`, `ID_LIB`) VALUES (457, 'LIB-000457');
INSERT INTO `ESTA_EN` (`COD_OB`, `ID_LIB`) VALUES (458, 'LIB-000458');
INSERT INTO `ESTA_EN` (`COD_OB`, `ID_LIB`) VALUES (459, 'LIB-000459');
INSERT INTO `ESTA_EN` (`COD_OB`, `ID_LIB`) VALUES (460, 'LIB-000460');
INSERT INTO `ESTA_EN` (`COD_OB`, `ID_LIB`) VALUES (461, 'LIB-000461');
INSERT INTO `ESTA_EN` (`COD_OB`, `ID_LIB`) VALUES (462, 'LIB-000462');
INSERT INTO `ESTA_EN` (`COD_OB`, `ID_LIB`) VALUES (463, 'LIB-000463');
INSERT INTO `ESTA_EN` (`COD_OB`, `ID_LIB`) VALUES (464, 'LIB-000464');
INSERT INTO `ESTA_EN` (`COD_OB`, `ID_LIB`) VALUES (465, 'LIB-000465');
INSERT INTO `ESTA_EN` (`COD_OB`, `ID_LIB`) VALUES (466, 'LIB-000466');
INSERT INTO `ESTA_EN` (`COD_OB`, `ID_LIB`) VALUES (467, 'LIB-000467');
INSERT INTO `ESTA_EN` (`COD_OB`, `ID_LIB`) VALUES (468, 'LIB-000468');
INSERT INTO `ESTA_EN` (`COD_OB`, `ID_LIB`) VALUES (469, 'LIB-000469');
INSERT INTO `ESTA_EN` (`COD_OB`, `ID_LIB`) VALUES (470, 'LIB-000470');
INSERT INTO `ESTA_EN` (`COD_OB`, `ID_LIB`) VALUES (471, 'LIB-000470');
INSERT INTO `ESTA_EN` (`COD_OB`, `ID_LIB`) VALUES (472, 'LIB-000470');
INSERT INTO `ESTA_EN` (`COD_OB`, `ID_LIB`) VALUES (473, 'LIB-000470');
INSERT INTO `ESTA_EN` (`COD_OB`, `ID_LIB`) VALUES (474, 'LIB-000470');
INSERT INTO `ESTA_EN` (`COD_OB`, `ID_LIB`) VALUES (475, 'LIB-000470');
INSERT INTO `ESTA_EN` (`COD_OB`, `ID_LIB`) VALUES (476, 'LIB-000470');
INSERT INTO `ESTA_EN` (`COD_OB`, `ID_LIB`) VALUES (477, 'LIB-000470');
INSERT INTO `ESTA_EN` (`COD_OB`, `ID_LIB`) VALUES (478, 'LIB-000470');
INSERT INTO `ESTA_EN` (`COD_OB`, `ID_LIB`) VALUES (479, 'LIB-000470');
INSERT INTO `ESTA_EN` (`COD_OB`, `ID_LIB`) VALUES (480, 'LIB-000470');
INSERT INTO `ESTA_EN` (`COD_OB`, `ID_LIB`) VALUES (481, 'LIB-000470');
INSERT INTO `ESTA_EN` (`COD_OB`, `ID_LIB`) VALUES (482, 'LIB-000470');
INSERT INTO `ESTA_EN` (`COD_OB`, `ID_LIB`) VALUES (483, 'LIB-000470');
INSERT INTO `ESTA_EN` (`COD_OB`, `ID_LIB`) VALUES (484, 'LIB-000470');
INSERT INTO `ESTA_EN` (`COD_OB`, `ID_LIB`) VALUES (485, 'LIB-000470');
INSERT INTO `ESTA_EN` (`COD_OB`, `ID_LIB`) VALUES (486, 'LIB-000470');
INSERT INTO `ESTA_EN` (`COD_OB`, `ID_LIB`) VALUES (487, 'LIB-000470');
INSERT INTO `ESTA_EN` (`COD_OB`, `ID_LIB`) VALUES (488, 'LIB-000470');
INSERT INTO `ESTA_EN` (`COD_OB`, `ID_LIB`) VALUES (489, 'LIB-000470');
INSERT INTO `ESTA_EN` (`COD_OB`, `ID_LIB`) VALUES (490, 'LIB-000470');
INSERT INTO `ESTA_EN` (`COD_OB`, `ID_LIB`) VALUES (491, 'LIB-000470');
INSERT INTO `ESTA_EN` (`COD_OB`, `ID_LIB`) VALUES (492, 'LIB-000470');
INSERT INTO `ESTA_EN` (`COD_OB`, `ID_LIB`) VALUES (493, 'LIB-000470');
INSERT INTO `ESTA_EN` (`COD_OB`, `ID_LIB`) VALUES (494, 'LIB-000470');
INSERT INTO `ESTA_EN` (`COD_OB`, `ID_LIB`) VALUES (495, 'LIB-000470');
INSERT INTO `ESTA_EN` (`COD_OB`, `ID_LIB`) VALUES (496, 'LIB-000470');
INSERT INTO `ESTA_EN` (`COD_OB`, `ID_LIB`) VALUES (497, 'LIB-000470');
INSERT INTO `ESTA_EN` (`COD_OB`, `ID_LIB`) VALUES (498, 'LIB-000470');
INSERT INTO `ESTA_EN` (`COD_OB`, `ID_LIB`) VALUES (499, 'LIB-000470');
INSERT INTO `ESTA_EN` (`COD_OB`, `ID_LIB`) VALUES (500, 'LIB-000470');
INSERT INTO `ESTA_EN` (`COD_OB`, `ID_LIB`) VALUES (501, 'LIB-000470');
INSERT INTO `ESTA_EN` (`COD_OB`, `ID_LIB`) VALUES (502, 'LIB-000470');
INSERT INTO `ESTA_EN` (`COD_OB`, `ID_LIB`) VALUES (503, 'LIB-000470');
INSERT INTO `ESTA_EN` (`COD_OB`, `ID_LIB`) VALUES (504, 'LIB-000131');
INSERT INTO `ESTA_EN` (`COD_OB`, `ID_LIB`) VALUES (505, 'LIB-000131');
INSERT INTO `ESTA_EN` (`COD_OB`, `ID_LIB`) VALUES (506, 'LIB-000131');
INSERT INTO `ESTA_EN` (`COD_OB`, `ID_LIB`) VALUES (507, 'LIB-000131');
INSERT INTO `ESTA_EN` (`COD_OB`, `ID_LIB`) VALUES (508, 'LIB-000131');
INSERT INTO `ESTA_EN` (`COD_OB`, `ID_LIB`) VALUES (509, 'LIB-000131');
INSERT INTO `ESTA_EN` (`COD_OB`, `ID_LIB`) VALUES (510, 'LIB-000131');
INSERT INTO `ESTA_EN` (`COD_OB`, `ID_LIB`) VALUES (511, 'LIB-000131');
INSERT INTO `ESTA_EN` (`COD_OB`, `ID_LIB`) VALUES (512, 'LIB-000131');
INSERT INTO `ESTA_EN` (`COD_OB`, `ID_LIB`) VALUES (513, 'LIB-000131');
INSERT INTO `ESTA_EN` (`COD_OB`, `ID_LIB`) VALUES (514, 'LIB-000131');
INSERT INTO `ESTA_EN` (`COD_OB`, `ID_LIB`) VALUES (515, 'LIB-000131');
INSERT INTO `ESTA_EN` (`COD_OB`, `ID_LIB`) VALUES (516, 'LIB-000131');
INSERT INTO `ESTA_EN` (`COD_OB`, `ID_LIB`) VALUES (517, 'LIB-000131');
INSERT INTO `ESTA_EN` (`COD_OB`, `ID_LIB`) VALUES (518, 'LIB-000131');
INSERT INTO `ESTA_EN` (`COD_OB`, `ID_LIB`) VALUES (519, 'LIB-000131');
INSERT INTO `ESTA_EN` (`COD_OB`, `ID_LIB`) VALUES (520, 'LIB-000131');
INSERT INTO `ESTA_EN` (`COD_OB`, `ID_LIB`) VALUES (521, 'LIB-000131');
INSERT INTO `ESTA_EN` (`COD_OB`, `ID_LIB`) VALUES (522, 'LIB-000131');
INSERT INTO `ESTA_EN` (`COD_OB`, `ID_LIB`) VALUES (523, 'LIB-000131');
INSERT INTO `ESTA_EN` (`COD_OB`, `ID_LIB`) VALUES (524, 'LIB-000349');
INSERT INTO `ESTA_EN` (`COD_OB`, `ID_LIB`) VALUES (525, 'LIB-000131');
INSERT INTO `ESTA_EN` (`COD_OB`, `ID_LIB`) VALUES (526, 'LIB-000131');
INSERT INTO `ESTA_EN` (`COD_OB`, `ID_LIB`) VALUES (527, 'LIB-000131');
INSERT INTO `ESTA_EN` (`COD_OB`, `ID_LIB`) VALUES (528, 'LIB-000131');
INSERT INTO `ESTA_EN` (`COD_OB`, `ID_LIB`) VALUES (529, 'LIB-000131');
INSERT INTO `ESTA_EN` (`COD_OB`, `ID_LIB`) VALUES (530, 'LIB-000131');
INSERT INTO `ESTA_EN` (`COD_OB`, `ID_LIB`) VALUES (531, 'LIB-000131');
INSERT INTO `ESTA_EN` (`COD_OB`, `ID_LIB`) VALUES (532, 'LIB-000131');
INSERT INTO `ESTA_EN` (`COD_OB`, `ID_LIB`) VALUES (533, 'LIB-000131');
INSERT INTO `ESTA_EN` (`COD_OB`, `ID_LIB`) VALUES (534, 'LIB-000131');
INSERT INTO `ESTA_EN` (`COD_OB`, `ID_LIB`) VALUES (535, 'LIB-000131');
INSERT INTO `ESTA_EN` (`COD_OB`, `ID_LIB`) VALUES (536, 'LIB-000131');
INSERT INTO `ESTA_EN` (`COD_OB`, `ID_LIB`) VALUES (537, 'LIB-000131');
INSERT INTO `ESTA_EN` (`COD_OB`, `ID_LIB`) VALUES (538, 'LIB-000131');
INSERT INTO `ESTA_EN` (`COD_OB`, `ID_LIB`) VALUES (539, 'LIB-000131');
INSERT INTO `ESTA_EN` (`COD_OB`, `ID_LIB`) VALUES (540, 'LIB-000131');
INSERT INTO `ESTA_EN` (`COD_OB`, `ID_LIB`) VALUES (541, 'LIB-000131');
INSERT INTO `ESTA_EN` (`COD_OB`, `ID_LIB`) VALUES (542, 'LIB-000131');
INSERT INTO `ESTA_EN` (`COD_OB`, `ID_LIB`) VALUES (543, 'LIB-000131');
INSERT INTO `ESTA_EN` (`COD_OB`, `ID_LIB`) VALUES (544, 'LIB-000131');
INSERT INTO `ESTA_EN` (`COD_OB`, `ID_LIB`) VALUES (545, 'LIB-000131');
INSERT INTO `ESTA_EN` (`COD_OB`, `ID_LIB`) VALUES (546, 'LIB-000131');
INSERT INTO `ESTA_EN` (`COD_OB`, `ID_LIB`) VALUES (547, 'LIB-000131');
INSERT INTO `ESTA_EN` (`COD_OB`, `ID_LIB`) VALUES (548, 'LIB-000131');
INSERT INTO `ESTA_EN` (`COD_OB`, `ID_LIB`) VALUES (549, 'LIB-000177');
INSERT INTO `ESTA_EN` (`COD_OB`, `ID_LIB`) VALUES (550, 'LIB-000177');
INSERT INTO `ESTA_EN` (`COD_OB`, `ID_LIB`) VALUES (551, 'LIB-000177');
INSERT INTO `ESTA_EN` (`COD_OB`, `ID_LIB`) VALUES (552, 'LIB-000177');
INSERT INTO `ESTA_EN` (`COD_OB`, `ID_LIB`) VALUES (553, 'LIB-000177');
INSERT INTO `ESTA_EN` (`COD_OB`, `ID_LIB`) VALUES (554, 'LIB-000177');
INSERT INTO `ESTA_EN` (`COD_OB`, `ID_LIB`) VALUES (555, 'LIB-000177');
INSERT INTO `ESTA_EN` (`COD_OB`, `ID_LIB`) VALUES (556, 'LIB-000177');
INSERT INTO `ESTA_EN` (`COD_OB`, `ID_LIB`) VALUES (557, 'LIB-000177');
INSERT INTO `ESTA_EN` (`COD_OB`, `ID_LIB`) VALUES (558, 'LIB-000177');
INSERT INTO `ESTA_EN` (`COD_OB`, `ID_LIB`) VALUES (559, 'LIB-000177');
INSERT INTO `ESTA_EN` (`COD_OB`, `ID_LIB`) VALUES (560, 'LIB-000177');
INSERT INTO `ESTA_EN` (`COD_OB`, `ID_LIB`) VALUES (561, 'LIB-000180');
INSERT INTO `ESTA_EN` (`COD_OB`, `ID_LIB`) VALUES (562, 'LIB-000180');
INSERT INTO `ESTA_EN` (`COD_OB`, `ID_LIB`) VALUES (563, 'LIB-000180');
INSERT INTO `ESTA_EN` (`COD_OB`, `ID_LIB`) VALUES (564, 'LIB-000180');
INSERT INTO `ESTA_EN` (`COD_OB`, `ID_LIB`) VALUES (565, 'LIB-000180');
INSERT INTO `ESTA_EN` (`COD_OB`, `ID_LIB`) VALUES (566, 'LIB-000180');
INSERT INTO `ESTA_EN` (`COD_OB`, `ID_LIB`) VALUES (567, 'LIB-000180');
INSERT INTO `ESTA_EN` (`COD_OB`, `ID_LIB`) VALUES (568, 'LIB-000034');
INSERT INTO `ESTA_EN` (`COD_OB`, `ID_LIB`) VALUES (569, 'LIB-000034');
INSERT INTO `ESTA_EN` (`COD_OB`, `ID_LIB`) VALUES (570, 'LIB-000034');
INSERT INTO `ESTA_EN` (`COD_OB`, `ID_LIB`) VALUES (571, 'LIB-000034');
INSERT INTO `ESTA_EN` (`COD_OB`, `ID_LIB`) VALUES (572, 'LIB-000034');
INSERT INTO `ESTA_EN` (`COD_OB`, `ID_LIB`) VALUES (573, 'LIB-000034');
INSERT INTO `ESTA_EN` (`COD_OB`, `ID_LIB`) VALUES (574, 'LIB-000034');
INSERT INTO `ESTA_EN` (`COD_OB`, `ID_LIB`) VALUES (575, 'LIB-000034');
INSERT INTO `ESTA_EN` (`COD_OB`, `ID_LIB`) VALUES (576, 'LIB-000034');
INSERT INTO `ESTA_EN` (`COD_OB`, `ID_LIB`) VALUES (577, 'LIB-000034');
INSERT INTO `ESTA_EN` (`COD_OB`, `ID_LIB`) VALUES (578, 'LIB-000034');
INSERT INTO `ESTA_EN` (`COD_OB`, `ID_LIB`) VALUES (579, 'LIB-000034');
INSERT INTO `ESTA_EN` (`COD_OB`, `ID_LIB`) VALUES (580, 'LIB-000034');
INSERT INTO `ESTA_EN` (`COD_OB`, `ID_LIB`) VALUES (581, 'LIB-000034');
INSERT INTO `ESTA_EN` (`COD_OB`, `ID_LIB`) VALUES (582, 'LIB-000034');
INSERT INTO `ESTA_EN` (`COD_OB`, `ID_LIB`) VALUES (583, 'LIB-000349');
INSERT INTO `ESTA_EN` (`COD_OB`, `ID_LIB`) VALUES (584, 'LIB-000349');
INSERT INTO `ESTA_EN` (`COD_OB`, `ID_LIB`) VALUES (585, 'LIB-000349');
INSERT INTO `ESTA_EN` (`COD_OB`, `ID_LIB`) VALUES (586, 'LIB-000349');
INSERT INTO `ESTA_EN` (`COD_OB`, `ID_LIB`) VALUES (587, 'LIB-000349');
INSERT INTO `ESTA_EN` (`COD_OB`, `ID_LIB`) VALUES (588, 'LIB-000349');
INSERT INTO `ESTA_EN` (`COD_OB`, `ID_LIB`) VALUES (589, 'LIB-000349');
INSERT INTO `ESTA_EN` (`COD_OB`, `ID_LIB`) VALUES (590, 'LIB-000349');
INSERT INTO `ESTA_EN` (`COD_OB`, `ID_LIB`) VALUES (591, 'LIB-000349');
INSERT INTO `ESTA_EN` (`COD_OB`, `ID_LIB`) VALUES (592, 'LIB-000349');
INSERT INTO `ESTA_EN` (`COD_OB`, `ID_LIB`) VALUES (593, 'LIB-000047');
INSERT INTO `ESTA_EN` (`COD_OB`, `ID_LIB`) VALUES (594, 'LIB-000048');
INSERT INTO `ESTA_EN` (`COD_OB`, `ID_LIB`) VALUES (320, 'LIB-000320');
# 570 records

#
# Table structure for table 'LIBRO'
#

DROP TABLE IF EXISTS `LIBRO`;

CREATE TABLE `LIBRO` (
  `ID_LIB` VARCHAR(10) NOT NULL, 
  `TITULO` VARCHAR(80), 
  `AÑO` INTEGER, 
  `VARIAS_OBRAS` INTEGER, 
  PRIMARY KEY (`ID_LIB`)
) ENGINE=maria DEFAULT CHARSET=utf8;

SET autocommit=1;

#
# Dumping data for table 'LIBRO'
#

INSERT INTO `LIBRO` (`ID_LIB`, `TITULO`, `AÑO`, `VARIAS_OBRAS`) VALUES ('LIB-000001', NULL, 1996, 1);
INSERT INTO `LIBRO` (`ID_LIB`, `TITULO`, `AÑO`, `VARIAS_OBRAS`) VALUES ('LIB-000002', NULL, 1996, 1);
INSERT INTO `LIBRO` (`ID_LIB`, `TITULO`, `AÑO`, `VARIAS_OBRAS`) VALUES ('LIB-000003', NULL, 1996, 1);
INSERT INTO `LIBRO` (`ID_LIB`, `TITULO`, `AÑO`, `VARIAS_OBRAS`) VALUES ('LIB-000004', NULL, 1996, 1);
INSERT INTO `LIBRO` (`ID_LIB`, `TITULO`, `AÑO`, `VARIAS_OBRAS`) VALUES ('LIB-000005', NULL, 1996, 1);
INSERT INTO `LIBRO` (`ID_LIB`, `TITULO`, `AÑO`, `VARIAS_OBRAS`) VALUES ('LIB-000006', NULL, 1996, 1);
INSERT INTO `LIBRO` (`ID_LIB`, `TITULO`, `AÑO`, `VARIAS_OBRAS`) VALUES ('LIB-000007', NULL, 1994, 1);
INSERT INTO `LIBRO` (`ID_LIB`, `TITULO`, `AÑO`, `VARIAS_OBRAS`) VALUES ('LIB-000008', NULL, 1996, 1);
INSERT INTO `LIBRO` (`ID_LIB`, `TITULO`, `AÑO`, `VARIAS_OBRAS`) VALUES ('LIB-000009', NULL, 1995, 1);
INSERT INTO `LIBRO` (`ID_LIB`, `TITULO`, `AÑO`, `VARIAS_OBRAS`) VALUES ('LIB-000010', NULL, 1996, 1);
INSERT INTO `LIBRO` (`ID_LIB`, `TITULO`, `AÑO`, `VARIAS_OBRAS`) VALUES ('LIB-000011', NULL, 1995, 1);
INSERT INTO `LIBRO` (`ID_LIB`, `TITULO`, `AÑO`, `VARIAS_OBRAS`) VALUES ('LIB-000012', NULL, NULL, 1);
INSERT INTO `LIBRO` (`ID_LIB`, `TITULO`, `AÑO`, `VARIAS_OBRAS`) VALUES ('LIB-000013', NULL, 1996, 1);
INSERT INTO `LIBRO` (`ID_LIB`, `TITULO`, `AÑO`, `VARIAS_OBRAS`) VALUES ('LIB-000014', NULL, 1996, 1);
INSERT INTO `LIBRO` (`ID_LIB`, `TITULO`, `AÑO`, `VARIAS_OBRAS`) VALUES ('LIB-000015', NULL, 1995, 1);
INSERT INTO `LIBRO` (`ID_LIB`, `TITULO`, `AÑO`, `VARIAS_OBRAS`) VALUES ('LIB-000016', NULL, 1994, 1);
INSERT INTO `LIBRO` (`ID_LIB`, `TITULO`, `AÑO`, `VARIAS_OBRAS`) VALUES ('LIB-000017', 'Tres pastiches victorianos', 1994, 3);
INSERT INTO `LIBRO` (`ID_LIB`, `TITULO`, `AÑO`, `VARIAS_OBRAS`) VALUES ('LIB-000018', NULL, 1982, 1);
INSERT INTO `LIBRO` (`ID_LIB`, `TITULO`, `AÑO`, `VARIAS_OBRAS`) VALUES ('LIB-000019', NULL, 1990, 1);
INSERT INTO `LIBRO` (`ID_LIB`, `TITULO`, `AÑO`, `VARIAS_OBRAS`) VALUES ('LIB-000020', NULL, 1980, 1);
INSERT INTO `LIBRO` (`ID_LIB`, `TITULO`, `AÑO`, `VARIAS_OBRAS`) VALUES ('LIB-000021', NULL, NULL, 1);
INSERT INTO `LIBRO` (`ID_LIB`, `TITULO`, `AÑO`, `VARIAS_OBRAS`) VALUES ('LIB-000022', NULL, NULL, 1);
INSERT INTO `LIBRO` (`ID_LIB`, `TITULO`, `AÑO`, `VARIAS_OBRAS`) VALUES ('LIB-000023', NULL, 1984, 1);
INSERT INTO `LIBRO` (`ID_LIB`, `TITULO`, `AÑO`, `VARIAS_OBRAS`) VALUES ('LIB-000024', NULL, 1984, 1);
INSERT INTO `LIBRO` (`ID_LIB`, `TITULO`, `AÑO`, `VARIAS_OBRAS`) VALUES ('LIB-000025', NULL, 1984, 1);
INSERT INTO `LIBRO` (`ID_LIB`, `TITULO`, `AÑO`, `VARIAS_OBRAS`) VALUES ('LIB-000026', NULL, NULL, 1);
INSERT INTO `LIBRO` (`ID_LIB`, `TITULO`, `AÑO`, `VARIAS_OBRAS`) VALUES ('LIB-000027', NULL, 1989, 1);
INSERT INTO `LIBRO` (`ID_LIB`, `TITULO`, `AÑO`, `VARIAS_OBRAS`) VALUES ('LIB-000028', NULL, 1989, 1);
INSERT INTO `LIBRO` (`ID_LIB`, `TITULO`, `AÑO`, `VARIAS_OBRAS`) VALUES ('LIB-000029', NULL, NULL, 1);
INSERT INTO `LIBRO` (`ID_LIB`, `TITULO`, `AÑO`, `VARIAS_OBRAS`) VALUES ('LIB-000030', 'Clásicos de Grecia y Roma', NULL, 2);
INSERT INTO `LIBRO` (`ID_LIB`, `TITULO`, `AÑO`, `VARIAS_OBRAS`) VALUES ('LIB-000031', NULL, NULL, 2);
INSERT INTO `LIBRO` (`ID_LIB`, `TITULO`, `AÑO`, `VARIAS_OBRAS`) VALUES ('LIB-000032', NULL, NULL, 1);
INSERT INTO `LIBRO` (`ID_LIB`, `TITULO`, `AÑO`, `VARIAS_OBRAS`) VALUES ('LIB-000033', NULL, NULL, 1);
INSERT INTO `LIBRO` (`ID_LIB`, `TITULO`, `AÑO`, `VARIAS_OBRAS`) VALUES ('LIB-000034', 'Cuentos de la taberna del ciervo blanco', NULL, 15);
INSERT INTO `LIBRO` (`ID_LIB`, `TITULO`, `AÑO`, `VARIAS_OBRAS`) VALUES ('LIB-000035', NULL, NULL, 1);
INSERT INTO `LIBRO` (`ID_LIB`, `TITULO`, `AÑO`, `VARIAS_OBRAS`) VALUES ('LIB-000036', NULL, NULL, 1);
INSERT INTO `LIBRO` (`ID_LIB`, `TITULO`, `AÑO`, `VARIAS_OBRAS`) VALUES ('LIB-000037', NULL, NULL, 1);
INSERT INTO `LIBRO` (`ID_LIB`, `TITULO`, `AÑO`, `VARIAS_OBRAS`) VALUES ('LIB-000038', NULL, NULL, 1);
INSERT INTO `LIBRO` (`ID_LIB`, `TITULO`, `AÑO`, `VARIAS_OBRAS`) VALUES ('LIB-000039', NULL, NULL, 1);
INSERT INTO `LIBRO` (`ID_LIB`, `TITULO`, `AÑO`, `VARIAS_OBRAS`) VALUES ('LIB-000040', NULL, NULL, 1);
INSERT INTO `LIBRO` (`ID_LIB`, `TITULO`, `AÑO`, `VARIAS_OBRAS`) VALUES ('LIB-000041', NULL, NULL, 1);
INSERT INTO `LIBRO` (`ID_LIB`, `TITULO`, `AÑO`, `VARIAS_OBRAS`) VALUES ('LIB-000042', NULL, NULL, 1);
INSERT INTO `LIBRO` (`ID_LIB`, `TITULO`, `AÑO`, `VARIAS_OBRAS`) VALUES ('LIB-000043', NULL, NULL, 1);
INSERT INTO `LIBRO` (`ID_LIB`, `TITULO`, `AÑO`, `VARIAS_OBRAS`) VALUES ('LIB-000044', 'Algunos cuentos chilenos', NULL, 10);
INSERT INTO `LIBRO` (`ID_LIB`, `TITULO`, `AÑO`, `VARIAS_OBRAS`) VALUES ('LIB-000045', NULL, 1997, 1);
INSERT INTO `LIBRO` (`ID_LIB`, `TITULO`, `AÑO`, `VARIAS_OBRAS`) VALUES ('LIB-000046', NULL, 1997, 1);
INSERT INTO `LIBRO` (`ID_LIB`, `TITULO`, `AÑO`, `VARIAS_OBRAS`) VALUES ('LIB-000047', NULL, NULL, 1);
INSERT INTO `LIBRO` (`ID_LIB`, `TITULO`, `AÑO`, `VARIAS_OBRAS`) VALUES ('LIB-000048', NULL, 1997, 1);
INSERT INTO `LIBRO` (`ID_LIB`, `TITULO`, `AÑO`, `VARIAS_OBRAS`) VALUES ('LIB-000054', NULL, NULL, 1);
INSERT INTO `LIBRO` (`ID_LIB`, `TITULO`, `AÑO`, `VARIAS_OBRAS`) VALUES ('LIB-000055', NULL, NULL, 1);
INSERT INTO `LIBRO` (`ID_LIB`, `TITULO`, `AÑO`, `VARIAS_OBRAS`) VALUES ('LIB-000056', NULL, NULL, 1);
INSERT INTO `LIBRO` (`ID_LIB`, `TITULO`, `AÑO`, `VARIAS_OBRAS`) VALUES ('LIB-000057', NULL, NULL, 1);
INSERT INTO `LIBRO` (`ID_LIB`, `TITULO`, `AÑO`, `VARIAS_OBRAS`) VALUES ('LIB-000058', NULL, NULL, 1);
INSERT INTO `LIBRO` (`ID_LIB`, `TITULO`, `AÑO`, `VARIAS_OBRAS`) VALUES ('LIB-000059', NULL, NULL, 1);
INSERT INTO `LIBRO` (`ID_LIB`, `TITULO`, `AÑO`, `VARIAS_OBRAS`) VALUES ('LIB-000060', NULL, NULL, 1);
INSERT INTO `LIBRO` (`ID_LIB`, `TITULO`, `AÑO`, `VARIAS_OBRAS`) VALUES ('LIB-000061', NULL, NULL, 1);
INSERT INTO `LIBRO` (`ID_LIB`, `TITULO`, `AÑO`, `VARIAS_OBRAS`) VALUES ('LIB-000062', NULL, NULL, 1);
INSERT INTO `LIBRO` (`ID_LIB`, `TITULO`, `AÑO`, `VARIAS_OBRAS`) VALUES ('LIB-000063', NULL, NULL, 1);
INSERT INTO `LIBRO` (`ID_LIB`, `TITULO`, `AÑO`, `VARIAS_OBRAS`) VALUES ('LIB-000064', NULL, NULL, 1);
INSERT INTO `LIBRO` (`ID_LIB`, `TITULO`, `AÑO`, `VARIAS_OBRAS`) VALUES ('LIB-000065', NULL, NULL, 1);
INSERT INTO `LIBRO` (`ID_LIB`, `TITULO`, `AÑO`, `VARIAS_OBRAS`) VALUES ('LIB-000066', 'Sherlock Holmes. Obras completas I', NULL, 4);
INSERT INTO `LIBRO` (`ID_LIB`, `TITULO`, `AÑO`, `VARIAS_OBRAS`) VALUES ('LIB-000070', 'Sherlock Holmes. Obras completas II', NULL, 3);
INSERT INTO `LIBRO` (`ID_LIB`, `TITULO`, `AÑO`, `VARIAS_OBRAS`) VALUES ('LIB-000073', 'Sherlock Holmes. Obras completas III', NULL, 3);
INSERT INTO `LIBRO` (`ID_LIB`, `TITULO`, `AÑO`, `VARIAS_OBRAS`) VALUES ('LIB-000076', 'La mano parda y otros relatos', NULL, 3);
INSERT INTO `LIBRO` (`ID_LIB`, `TITULO`, `AÑO`, `VARIAS_OBRAS`) VALUES ('LIB-000081', 'Raymon Chandler. Obras selectas I', NULL, 3);
INSERT INTO `LIBRO` (`ID_LIB`, `TITULO`, `AÑO`, `VARIAS_OBRAS`) VALUES ('LIB-000084', 'Raymon Chandler. Obras selectas II', NULL, 3);
INSERT INTO `LIBRO` (`ID_LIB`, `TITULO`, `AÑO`, `VARIAS_OBRAS`) VALUES ('LIB-000087', NULL, NULL, 1);
INSERT INTO `LIBRO` (`ID_LIB`, `TITULO`, `AÑO`, `VARIAS_OBRAS`) VALUES ('LIB-000088', NULL, NULL, 1);
INSERT INTO `LIBRO` (`ID_LIB`, `TITULO`, `AÑO`, `VARIAS_OBRAS`) VALUES ('LIB-000089', NULL, NULL, 1);
INSERT INTO `LIBRO` (`ID_LIB`, `TITULO`, `AÑO`, `VARIAS_OBRAS`) VALUES ('LIB-000092', NULL, NULL, 1);
INSERT INTO `LIBRO` (`ID_LIB`, `TITULO`, `AÑO`, `VARIAS_OBRAS`) VALUES ('LIB-000093', NULL, NULL, 1);
INSERT INTO `LIBRO` (`ID_LIB`, `TITULO`, `AÑO`, `VARIAS_OBRAS`) VALUES ('LIB-000094', NULL, NULL, 1);
INSERT INTO `LIBRO` (`ID_LIB`, `TITULO`, `AÑO`, `VARIAS_OBRAS`) VALUES ('LIB-000095', NULL, NULL, 1);
INSERT INTO `LIBRO` (`ID_LIB`, `TITULO`, `AÑO`, `VARIAS_OBRAS`) VALUES ('LIB-000096', NULL, NULL, 1);
INSERT INTO `LIBRO` (`ID_LIB`, `TITULO`, `AÑO`, `VARIAS_OBRAS`) VALUES ('LIB-000097', NULL, NULL, 1);
INSERT INTO `LIBRO` (`ID_LIB`, `TITULO`, `AÑO`, `VARIAS_OBRAS`) VALUES ('LIB-000098', NULL, NULL, 1);
INSERT INTO `LIBRO` (`ID_LIB`, `TITULO`, `AÑO`, `VARIAS_OBRAS`) VALUES ('LIB-000099', NULL, NULL, 1);
INSERT INTO `LIBRO` (`ID_LIB`, `TITULO`, `AÑO`, `VARIAS_OBRAS`) VALUES ('LIB-000100', 'Pequeños cuentos misóginos', NULL, 17);
INSERT INTO `LIBRO` (`ID_LIB`, `TITULO`, `AÑO`, `VARIAS_OBRAS`) VALUES ('LIB-000117', NULL, NULL, 1);
INSERT INTO `LIBRO` (`ID_LIB`, `TITULO`, `AÑO`, `VARIAS_OBRAS`) VALUES ('LIB-000118', NULL, NULL, 1);
INSERT INTO `LIBRO` (`ID_LIB`, `TITULO`, `AÑO`, `VARIAS_OBRAS`) VALUES ('LIB-000119', NULL, NULL, 1);
INSERT INTO `LIBRO` (`ID_LIB`, `TITULO`, `AÑO`, `VARIAS_OBRAS`) VALUES ('LIB-000120', NULL, 1996, 1);
INSERT INTO `LIBRO` (`ID_LIB`, `TITULO`, `AÑO`, `VARIAS_OBRAS`) VALUES ('LIB-000121', NULL, NULL, 1);
INSERT INTO `LIBRO` (`ID_LIB`, `TITULO`, `AÑO`, `VARIAS_OBRAS`) VALUES ('LIB-000122', NULL, NULL, 1);
INSERT INTO `LIBRO` (`ID_LIB`, `TITULO`, `AÑO`, `VARIAS_OBRAS`) VALUES ('LIB-000125', NULL, NULL, 2);
INSERT INTO `LIBRO` (`ID_LIB`, `TITULO`, `AÑO`, `VARIAS_OBRAS`) VALUES ('LIB-000127', NULL, NULL, 1);
INSERT INTO `LIBRO` (`ID_LIB`, `TITULO`, `AÑO`, `VARIAS_OBRAS`) VALUES ('LIB-000128', NULL, NULL, 1);
INSERT INTO `LIBRO` (`ID_LIB`, `TITULO`, `AÑO`, `VARIAS_OBRAS`) VALUES ('LIB-000129', NULL, NULL, 1);
INSERT INTO `LIBRO` (`ID_LIB`, `TITULO`, `AÑO`, `VARIAS_OBRAS`) VALUES ('LIB-000130', NULL, 1996, 1);
INSERT INTO `LIBRO` (`ID_LIB`, `TITULO`, `AÑO`, `VARIAS_OBRAS`) VALUES ('LIB-000131', 'Lo infinitamente pequeño', 1996, 44);
INSERT INTO `LIBRO` (`ID_LIB`, `TITULO`, `AÑO`, `VARIAS_OBRAS`) VALUES ('LIB-000132', NULL, 1996, 1);
INSERT INTO `LIBRO` (`ID_LIB`, `TITULO`, `AÑO`, `VARIAS_OBRAS`) VALUES ('LIB-000133', NULL, NULL, 1);
INSERT INTO `LIBRO` (`ID_LIB`, `TITULO`, `AÑO`, `VARIAS_OBRAS`) VALUES ('LIB-000134', NULL, NULL, 1);
INSERT INTO `LIBRO` (`ID_LIB`, `TITULO`, `AÑO`, `VARIAS_OBRAS`) VALUES ('LIB-000135', NULL, NULL, 1);
INSERT INTO `LIBRO` (`ID_LIB`, `TITULO`, `AÑO`, `VARIAS_OBRAS`) VALUES ('LIB-000136', NULL, NULL, 1);
INSERT INTO `LIBRO` (`ID_LIB`, `TITULO`, `AÑO`, `VARIAS_OBRAS`) VALUES ('LIB-000137', NULL, NULL, 1);
INSERT INTO `LIBRO` (`ID_LIB`, `TITULO`, `AÑO`, `VARIAS_OBRAS`) VALUES ('LIB-000138', NULL, NULL, 1);
INSERT INTO `LIBRO` (`ID_LIB`, `TITULO`, `AÑO`, `VARIAS_OBRAS`) VALUES ('LIB-000139', NULL, NULL, 1);
INSERT INTO `LIBRO` (`ID_LIB`, `TITULO`, `AÑO`, `VARIAS_OBRAS`) VALUES ('LIB-000140', NULL, NULL, 1);
INSERT INTO `LIBRO` (`ID_LIB`, `TITULO`, `AÑO`, `VARIAS_OBRAS`) VALUES ('LIB-000141', NULL, NULL, 1);
INSERT INTO `LIBRO` (`ID_LIB`, `TITULO`, `AÑO`, `VARIAS_OBRAS`) VALUES ('LIB-000142', NULL, NULL, 1);
INSERT INTO `LIBRO` (`ID_LIB`, `TITULO`, `AÑO`, `VARIAS_OBRAS`) VALUES ('LIB-000143', NULL, NULL, 1);
INSERT INTO `LIBRO` (`ID_LIB`, `TITULO`, `AÑO`, `VARIAS_OBRAS`) VALUES ('LIB-000144', NULL, NULL, 1);
INSERT INTO `LIBRO` (`ID_LIB`, `TITULO`, `AÑO`, `VARIAS_OBRAS`) VALUES ('LIB-000145', NULL, NULL, 1);
INSERT INTO `LIBRO` (`ID_LIB`, `TITULO`, `AÑO`, `VARIAS_OBRAS`) VALUES ('LIB-000146', NULL, NULL, 1);
INSERT INTO `LIBRO` (`ID_LIB`, `TITULO`, `AÑO`, `VARIAS_OBRAS`) VALUES ('LIB-000147', NULL, NULL, 1);
INSERT INTO `LIBRO` (`ID_LIB`, `TITULO`, `AÑO`, `VARIAS_OBRAS`) VALUES ('LIB-000148', NULL, NULL, 1);
INSERT INTO `LIBRO` (`ID_LIB`, `TITULO`, `AÑO`, `VARIAS_OBRAS`) VALUES ('LIB-000149', NULL, 1996, 1);
INSERT INTO `LIBRO` (`ID_LIB`, `TITULO`, `AÑO`, `VARIAS_OBRAS`) VALUES ('LIB-000150', NULL, NULL, 1);
INSERT INTO `LIBRO` (`ID_LIB`, `TITULO`, `AÑO`, `VARIAS_OBRAS`) VALUES ('LIB-000151', NULL, NULL, 1);
INSERT INTO `LIBRO` (`ID_LIB`, `TITULO`, `AÑO`, `VARIAS_OBRAS`) VALUES ('LIB-000152', NULL, NULL, 1);
INSERT INTO `LIBRO` (`ID_LIB`, `TITULO`, `AÑO`, `VARIAS_OBRAS`) VALUES ('LIB-000153', NULL, NULL, 1);
INSERT INTO `LIBRO` (`ID_LIB`, `TITULO`, `AÑO`, `VARIAS_OBRAS`) VALUES ('LIB-000154', NULL, NULL, 1);
INSERT INTO `LIBRO` (`ID_LIB`, `TITULO`, `AÑO`, `VARIAS_OBRAS`) VALUES ('LIB-000155', NULL, 1996, 1);
INSERT INTO `LIBRO` (`ID_LIB`, `TITULO`, `AÑO`, `VARIAS_OBRAS`) VALUES ('LIB-000156', NULL, 1994, 1);
INSERT INTO `LIBRO` (`ID_LIB`, `TITULO`, `AÑO`, `VARIAS_OBRAS`) VALUES ('LIB-000157', NULL, NULL, 1);
INSERT INTO `LIBRO` (`ID_LIB`, `TITULO`, `AÑO`, `VARIAS_OBRAS`) VALUES ('LIB-000158', NULL, 1994, 1);
INSERT INTO `LIBRO` (`ID_LIB`, `TITULO`, `AÑO`, `VARIAS_OBRAS`) VALUES ('LIB-000159', NULL, 1994, 1);
INSERT INTO `LIBRO` (`ID_LIB`, `TITULO`, `AÑO`, `VARIAS_OBRAS`) VALUES ('LIB-000160', NULL, 1994, 1);
INSERT INTO `LIBRO` (`ID_LIB`, `TITULO`, `AÑO`, `VARIAS_OBRAS`) VALUES ('LIB-000161', NULL, 1994, 1);
INSERT INTO `LIBRO` (`ID_LIB`, `TITULO`, `AÑO`, `VARIAS_OBRAS`) VALUES ('LIB-000162', NULL, NULL, 1);
INSERT INTO `LIBRO` (`ID_LIB`, `TITULO`, `AÑO`, `VARIAS_OBRAS`) VALUES ('LIB-000163', NULL, 1994, 1);
INSERT INTO `LIBRO` (`ID_LIB`, `TITULO`, `AÑO`, `VARIAS_OBRAS`) VALUES ('LIB-000164', NULL, NULL, 1);
INSERT INTO `LIBRO` (`ID_LIB`, `TITULO`, `AÑO`, `VARIAS_OBRAS`) VALUES ('LIB-000165', NULL, NULL, 1);
INSERT INTO `LIBRO` (`ID_LIB`, `TITULO`, `AÑO`, `VARIAS_OBRAS`) VALUES ('LIB-000166', NULL, NULL, 1);
INSERT INTO `LIBRO` (`ID_LIB`, `TITULO`, `AÑO`, `VARIAS_OBRAS`) VALUES ('LIB-000167', NULL, NULL, 1);
INSERT INTO `LIBRO` (`ID_LIB`, `TITULO`, `AÑO`, `VARIAS_OBRAS`) VALUES ('LIB-000168', NULL, NULL, 1);
INSERT INTO `LIBRO` (`ID_LIB`, `TITULO`, `AÑO`, `VARIAS_OBRAS`) VALUES ('LIB-000169', NULL, 1995, 1);
INSERT INTO `LIBRO` (`ID_LIB`, `TITULO`, `AÑO`, `VARIAS_OBRAS`) VALUES ('LIB-000170', NULL, 1991, 1);
INSERT INTO `LIBRO` (`ID_LIB`, `TITULO`, `AÑO`, `VARIAS_OBRAS`) VALUES ('LIB-000171', NULL, NULL, 1);
INSERT INTO `LIBRO` (`ID_LIB`, `TITULO`, `AÑO`, `VARIAS_OBRAS`) VALUES ('LIB-000172', NULL, NULL, 1);
INSERT INTO `LIBRO` (`ID_LIB`, `TITULO`, `AÑO`, `VARIAS_OBRAS`) VALUES ('LIB-000173', NULL, NULL, 1);
INSERT INTO `LIBRO` (`ID_LIB`, `TITULO`, `AÑO`, `VARIAS_OBRAS`) VALUES ('LIB-000174', 'Inglés-Español, VOX', NULL, 0);
INSERT INTO `LIBRO` (`ID_LIB`, `TITULO`, `AÑO`, `VARIAS_OBRAS`) VALUES ('LIB-000175', 'Francés-Español, Sopena', NULL, 0);
INSERT INTO `LIBRO` (`ID_LIB`, `TITULO`, `AÑO`, `VARIAS_OBRAS`) VALUES ('LIB-000176', NULL, 1996, 1);
INSERT INTO `LIBRO` (`ID_LIB`, `TITULO`, `AÑO`, `VARIAS_OBRAS`) VALUES ('LIB-000177', 'Doce cuentos peregrinos', NULL, 12);
INSERT INTO `LIBRO` (`ID_LIB`, `TITULO`, `AÑO`, `VARIAS_OBRAS`) VALUES ('LIB-000178', NULL, NULL, 1);
INSERT INTO `LIBRO` (`ID_LIB`, `TITULO`, `AÑO`, `VARIAS_OBRAS`) VALUES ('LIB-000179', NULL, NULL, 1);
INSERT INTO `LIBRO` (`ID_LIB`, `TITULO`, `AÑO`, `VARIAS_OBRAS`) VALUES ('LIB-000180', 'La increíble y triste historia de la cándida Eréndida y su abuela desalmada', NULL, 7);
INSERT INTO `LIBRO` (`ID_LIB`, `TITULO`, `AÑO`, `VARIAS_OBRAS`) VALUES ('LIB-000181', NULL, NULL, 1);
INSERT INTO `LIBRO` (`ID_LIB`, `TITULO`, `AÑO`, `VARIAS_OBRAS`) VALUES ('LIB-000182', NULL, NULL, 1);
INSERT INTO `LIBRO` (`ID_LIB`, `TITULO`, `AÑO`, `VARIAS_OBRAS`) VALUES ('LIB-000183', NULL, NULL, 1);
INSERT INTO `LIBRO` (`ID_LIB`, `TITULO`, `AÑO`, `VARIAS_OBRAS`) VALUES ('LIB-000184', NULL, 1992, 1);
INSERT INTO `LIBRO` (`ID_LIB`, `TITULO`, `AÑO`, `VARIAS_OBRAS`) VALUES ('LIB-000185', NULL, NULL, 1);
INSERT INTO `LIBRO` (`ID_LIB`, `TITULO`, `AÑO`, `VARIAS_OBRAS`) VALUES ('LIB-000186', NULL, 1996, 1);
INSERT INTO `LIBRO` (`ID_LIB`, `TITULO`, `AÑO`, `VARIAS_OBRAS`) VALUES ('LIB-000187', NULL, 1984, 2);
INSERT INTO `LIBRO` (`ID_LIB`, `TITULO`, `AÑO`, `VARIAS_OBRAS`) VALUES ('LIB-000189', NULL, 1984, 1);
INSERT INTO `LIBRO` (`ID_LIB`, `TITULO`, `AÑO`, `VARIAS_OBRAS`) VALUES ('LIB-000190', NULL, NULL, 1);
INSERT INTO `LIBRO` (`ID_LIB`, `TITULO`, `AÑO`, `VARIAS_OBRAS`) VALUES ('LIB-000191', NULL, 1984, 1);
INSERT INTO `LIBRO` (`ID_LIB`, `TITULO`, `AÑO`, `VARIAS_OBRAS`) VALUES ('LIB-000192', NULL, NULL, 1);
INSERT INTO `LIBRO` (`ID_LIB`, `TITULO`, `AÑO`, `VARIAS_OBRAS`) VALUES ('LIB-000193', NULL, NULL, 1);
INSERT INTO `LIBRO` (`ID_LIB`, `TITULO`, `AÑO`, `VARIAS_OBRAS`) VALUES ('LIB-000194', NULL, NULL, 1);
INSERT INTO `LIBRO` (`ID_LIB`, `TITULO`, `AÑO`, `VARIAS_OBRAS`) VALUES ('LIB-000195', NULL, NULL, 1);
INSERT INTO `LIBRO` (`ID_LIB`, `TITULO`, `AÑO`, `VARIAS_OBRAS`) VALUES ('LIB-000196', NULL, 1994, 1);
INSERT INTO `LIBRO` (`ID_LIB`, `TITULO`, `AÑO`, `VARIAS_OBRAS`) VALUES ('LIB-000197', 'Cuentos', NULL, 16);
INSERT INTO `LIBRO` (`ID_LIB`, `TITULO`, `AÑO`, `VARIAS_OBRAS`) VALUES ('LIB-000213', NULL, NULL, 1);
INSERT INTO `LIBRO` (`ID_LIB`, `TITULO`, `AÑO`, `VARIAS_OBRAS`) VALUES ('LIB-000214', NULL, 1992, 1);
INSERT INTO `LIBRO` (`ID_LIB`, `TITULO`, `AÑO`, `VARIAS_OBRAS`) VALUES ('LIB-000215', NULL, NULL, 1);
INSERT INTO `LIBRO` (`ID_LIB`, `TITULO`, `AÑO`, `VARIAS_OBRAS`) VALUES ('LIB-000216', NULL, NULL, 1);
INSERT INTO `LIBRO` (`ID_LIB`, `TITULO`, `AÑO`, `VARIAS_OBRAS`) VALUES ('LIB-000217', NULL, NULL, 1);
INSERT INTO `LIBRO` (`ID_LIB`, `TITULO`, `AÑO`, `VARIAS_OBRAS`) VALUES ('LIB-000218', NULL, NULL, 1);
INSERT INTO `LIBRO` (`ID_LIB`, `TITULO`, `AÑO`, `VARIAS_OBRAS`) VALUES ('LIB-000219', NULL, NULL, 1);
INSERT INTO `LIBRO` (`ID_LIB`, `TITULO`, `AÑO`, `VARIAS_OBRAS`) VALUES ('LIB-000220', NULL, NULL, 1);
INSERT INTO `LIBRO` (`ID_LIB`, `TITULO`, `AÑO`, `VARIAS_OBRAS`) VALUES ('LIB-000221', NULL, NULL, 1);
INSERT INTO `LIBRO` (`ID_LIB`, `TITULO`, `AÑO`, `VARIAS_OBRAS`) VALUES ('LIB-000222', NULL, NULL, 1);
INSERT INTO `LIBRO` (`ID_LIB`, `TITULO`, `AÑO`, `VARIAS_OBRAS`) VALUES ('LIB-000223', NULL, NULL, 1);
INSERT INTO `LIBRO` (`ID_LIB`, `TITULO`, `AÑO`, `VARIAS_OBRAS`) VALUES ('LIB-000224', NULL, NULL, 1);
INSERT INTO `LIBRO` (`ID_LIB`, `TITULO`, `AÑO`, `VARIAS_OBRAS`) VALUES ('LIB-000225', NULL, NULL, 1);
INSERT INTO `LIBRO` (`ID_LIB`, `TITULO`, `AÑO`, `VARIAS_OBRAS`) VALUES ('LIB-000226', 'Relatos que me asustaron', NULL, 25);
INSERT INTO `LIBRO` (`ID_LIB`, `TITULO`, `AÑO`, `VARIAS_OBRAS`) VALUES ('LIB-000253', NULL, 1995, 1);
INSERT INTO `LIBRO` (`ID_LIB`, `TITULO`, `AÑO`, `VARIAS_OBRAS`) VALUES ('LIB-000254', NULL, 1980, 1);
INSERT INTO `LIBRO` (`ID_LIB`, `TITULO`, `AÑO`, `VARIAS_OBRAS`) VALUES ('LIB-000255', NULL, NULL, 1);
INSERT INTO `LIBRO` (`ID_LIB`, `TITULO`, `AÑO`, `VARIAS_OBRAS`) VALUES ('LIB-000256', NULL, NULL, 1);
INSERT INTO `LIBRO` (`ID_LIB`, `TITULO`, `AÑO`, `VARIAS_OBRAS`) VALUES ('LIB-000257', NULL, NULL, 1);
INSERT INTO `LIBRO` (`ID_LIB`, `TITULO`, `AÑO`, `VARIAS_OBRAS`) VALUES ('LIB-000258', NULL, NULL, 1);
INSERT INTO `LIBRO` (`ID_LIB`, `TITULO`, `AÑO`, `VARIAS_OBRAS`) VALUES ('LIB-000260', NULL, NULL, 1);
INSERT INTO `LIBRO` (`ID_LIB`, `TITULO`, `AÑO`, `VARIAS_OBRAS`) VALUES ('LIB-000261', NULL, NULL, 2);
INSERT INTO `LIBRO` (`ID_LIB`, `TITULO`, `AÑO`, `VARIAS_OBRAS`) VALUES ('LIB-000263', NULL, NULL, 2);
INSERT INTO `LIBRO` (`ID_LIB`, `TITULO`, `AÑO`, `VARIAS_OBRAS`) VALUES ('LIB-000265', NULL, NULL, 1);
INSERT INTO `LIBRO` (`ID_LIB`, `TITULO`, `AÑO`, `VARIAS_OBRAS`) VALUES ('LIB-000266', 'Blanco en azul', NULL, 19);
INSERT INTO `LIBRO` (`ID_LIB`, `TITULO`, `AÑO`, `VARIAS_OBRAS`) VALUES ('LIB-000285', NULL, NULL, 1);
INSERT INTO `LIBRO` (`ID_LIB`, `TITULO`, `AÑO`, `VARIAS_OBRAS`) VALUES ('LIB-000286', NULL, NULL, 1);
INSERT INTO `LIBRO` (`ID_LIB`, `TITULO`, `AÑO`, `VARIAS_OBRAS`) VALUES ('LIB-000287', NULL, 1987, 1);
INSERT INTO `LIBRO` (`ID_LIB`, `TITULO`, `AÑO`, `VARIAS_OBRAS`) VALUES ('LIB-000288', 'Vuelva usted mañana y otros artículos', NULL, 13);
INSERT INTO `LIBRO` (`ID_LIB`, `TITULO`, `AÑO`, `VARIAS_OBRAS`) VALUES ('LIB-000301', 'Cuentos juveniles', NULL, 9);
INSERT INTO `LIBRO` (`ID_LIB`, `TITULO`, `AÑO`, `VARIAS_OBRAS`) VALUES ('LIB-000310', NULL, 1997, 1);
INSERT INTO `LIBRO` (`ID_LIB`, `TITULO`, `AÑO`, `VARIAS_OBRAS`) VALUES ('LIB-000311', NULL, 1997, 1);
INSERT INTO `LIBRO` (`ID_LIB`, `TITULO`, `AÑO`, `VARIAS_OBRAS`) VALUES ('LIB-000312', NULL, 1993, 1);
INSERT INTO `LIBRO` (`ID_LIB`, `TITULO`, `AÑO`, `VARIAS_OBRAS`) VALUES ('LIB-000313', NULL, NULL, 1);
INSERT INTO `LIBRO` (`ID_LIB`, `TITULO`, `AÑO`, `VARIAS_OBRAS`) VALUES ('LIB-000314', NULL, NULL, 1);
INSERT INTO `LIBRO` (`ID_LIB`, `TITULO`, `AÑO`, `VARIAS_OBRAS`) VALUES ('LIB-000315', NULL, NULL, 1);
INSERT INTO `LIBRO` (`ID_LIB`, `TITULO`, `AÑO`, `VARIAS_OBRAS`) VALUES ('LIB-000316', NULL, NULL, 1);
INSERT INTO `LIBRO` (`ID_LIB`, `TITULO`, `AÑO`, `VARIAS_OBRAS`) VALUES ('LIB-000317', NULL, NULL, 1);
INSERT INTO `LIBRO` (`ID_LIB`, `TITULO`, `AÑO`, `VARIAS_OBRAS`) VALUES ('LIB-000318', NULL, NULL, 1);
INSERT INTO `LIBRO` (`ID_LIB`, `TITULO`, `AÑO`, `VARIAS_OBRAS`) VALUES ('LIB-000319', NULL, NULL, 1);
INSERT INTO `LIBRO` (`ID_LIB`, `TITULO`, `AÑO`, `VARIAS_OBRAS`) VALUES ('LIB-000320', NULL, NULL, 1);
INSERT INTO `LIBRO` (`ID_LIB`, `TITULO`, `AÑO`, `VARIAS_OBRAS`) VALUES ('LIB-000321', NULL, NULL, 1);
INSERT INTO `LIBRO` (`ID_LIB`, `TITULO`, `AÑO`, `VARIAS_OBRAS`) VALUES ('LIB-000322', NULL, NULL, 1);
INSERT INTO `LIBRO` (`ID_LIB`, `TITULO`, `AÑO`, `VARIAS_OBRAS`) VALUES ('LIB-000323', 'Vox', 1992, 0);
INSERT INTO `LIBRO` (`ID_LIB`, `TITULO`, `AÑO`, `VARIAS_OBRAS`) VALUES ('LIB-000324', NULL, NULL, 1);
INSERT INTO `LIBRO` (`ID_LIB`, `TITULO`, `AÑO`, `VARIAS_OBRAS`) VALUES ('LIB-000345', NULL, 1988, 1);
INSERT INTO `LIBRO` (`ID_LIB`, `TITULO`, `AÑO`, `VARIAS_OBRAS`) VALUES ('LIB-000346', NULL, NULL, 1);
INSERT INTO `LIBRO` (`ID_LIB`, `TITULO`, `AÑO`, `VARIAS_OBRAS`) VALUES ('LIB-000347', NULL, NULL, 1);
INSERT INTO `LIBRO` (`ID_LIB`, `TITULO`, `AÑO`, `VARIAS_OBRAS`) VALUES ('LIB-000348', NULL, 1994, 1);
INSERT INTO `LIBRO` (`ID_LIB`, `TITULO`, `AÑO`, `VARIAS_OBRAS`) VALUES ('LIB-000349', 'Todos los cuentos. EL balneario y las ataduras', 1995, 17);
INSERT INTO `LIBRO` (`ID_LIB`, `TITULO`, `AÑO`, `VARIAS_OBRAS`) VALUES ('LIB-000350', NULL, 1994, 1);
INSERT INTO `LIBRO` (`ID_LIB`, `TITULO`, `AÑO`, `VARIAS_OBRAS`) VALUES ('LIB-000351', NULL, 1996, 1);
INSERT INTO `LIBRO` (`ID_LIB`, `TITULO`, `AÑO`, `VARIAS_OBRAS`) VALUES ('LIB-000352', NULL, 1994, 1);
INSERT INTO `LIBRO` (`ID_LIB`, `TITULO`, `AÑO`, `VARIAS_OBRAS`) VALUES ('LIB-000353', NULL, 1994, 1);
INSERT INTO `LIBRO` (`ID_LIB`, `TITULO`, `AÑO`, `VARIAS_OBRAS`) VALUES ('LIB-000354', NULL, 1993, 1);
INSERT INTO `LIBRO` (`ID_LIB`, `TITULO`, `AÑO`, `VARIAS_OBRAS`) VALUES ('LIB-000355', NULL, 1994, 1);
INSERT INTO `LIBRO` (`ID_LIB`, `TITULO`, `AÑO`, `VARIAS_OBRAS`) VALUES ('LIB-000356', NULL, 1994, 1);
INSERT INTO `LIBRO` (`ID_LIB`, `TITULO`, `AÑO`, `VARIAS_OBRAS`) VALUES ('LIB-000357', NULL, NULL, 1);
INSERT INTO `LIBRO` (`ID_LIB`, `TITULO`, `AÑO`, `VARIAS_OBRAS`) VALUES ('LIB-000358', NULL, NULL, 1);
INSERT INTO `LIBRO` (`ID_LIB`, `TITULO`, `AÑO`, `VARIAS_OBRAS`) VALUES ('LIB-000359', NULL, 1994, 1);
INSERT INTO `LIBRO` (`ID_LIB`, `TITULO`, `AÑO`, `VARIAS_OBRAS`) VALUES ('LIB-000360', NULL, NULL, 1);
INSERT INTO `LIBRO` (`ID_LIB`, `TITULO`, `AÑO`, `VARIAS_OBRAS`) VALUES ('LIB-000361', NULL, NULL, 1);
INSERT INTO `LIBRO` (`ID_LIB`, `TITULO`, `AÑO`, `VARIAS_OBRAS`) VALUES ('LIB-000362', NULL, NULL, 1);
INSERT INTO `LIBRO` (`ID_LIB`, `TITULO`, `AÑO`, `VARIAS_OBRAS`) VALUES ('LIB-000363', NULL, NULL, 1);
INSERT INTO `LIBRO` (`ID_LIB`, `TITULO`, `AÑO`, `VARIAS_OBRAS`) VALUES ('LIB-000364', NULL, NULL, 1);
INSERT INTO `LIBRO` (`ID_LIB`, `TITULO`, `AÑO`, `VARIAS_OBRAS`) VALUES ('LIB-000365', NULL, 1984, 1);
INSERT INTO `LIBRO` (`ID_LIB`, `TITULO`, `AÑO`, `VARIAS_OBRAS`) VALUES ('LIB-000366', NULL, NULL, 1);
INSERT INTO `LIBRO` (`ID_LIB`, `TITULO`, `AÑO`, `VARIAS_OBRAS`) VALUES ('LIB-000367', NULL, NULL, 1);
INSERT INTO `LIBRO` (`ID_LIB`, `TITULO`, `AÑO`, `VARIAS_OBRAS`) VALUES ('LIB-000368', NULL, NULL, 1);
INSERT INTO `LIBRO` (`ID_LIB`, `TITULO`, `AÑO`, `VARIAS_OBRAS`) VALUES ('LIB-000369', NULL, NULL, 1);
INSERT INTO `LIBRO` (`ID_LIB`, `TITULO`, `AÑO`, `VARIAS_OBRAS`) VALUES ('LIB-000370', NULL, NULL, 1);
INSERT INTO `LIBRO` (`ID_LIB`, `TITULO`, `AÑO`, `VARIAS_OBRAS`) VALUES ('LIB-000371', NULL, NULL, 1);
INSERT INTO `LIBRO` (`ID_LIB`, `TITULO`, `AÑO`, `VARIAS_OBRAS`) VALUES ('LIB-000372', NULL, NULL, 1);
INSERT INTO `LIBRO` (`ID_LIB`, `TITULO`, `AÑO`, `VARIAS_OBRAS`) VALUES ('LIB-000373', NULL, 1995, 1);
INSERT INTO `LIBRO` (`ID_LIB`, `TITULO`, `AÑO`, `VARIAS_OBRAS`) VALUES ('LIB-000374', NULL, NULL, 1);
INSERT INTO `LIBRO` (`ID_LIB`, `TITULO`, `AÑO`, `VARIAS_OBRAS`) VALUES ('LIB-000375', NULL, NULL, 1);
INSERT INTO `LIBRO` (`ID_LIB`, `TITULO`, `AÑO`, `VARIAS_OBRAS`) VALUES ('LIB-000376', NULL, NULL, 1);
INSERT INTO `LIBRO` (`ID_LIB`, `TITULO`, `AÑO`, `VARIAS_OBRAS`) VALUES ('LIB-000377', NULL, NULL, 1);
INSERT INTO `LIBRO` (`ID_LIB`, `TITULO`, `AÑO`, `VARIAS_OBRAS`) VALUES ('LIB-000378', NULL, NULL, 1);
INSERT INTO `LIBRO` (`ID_LIB`, `TITULO`, `AÑO`, `VARIAS_OBRAS`) VALUES ('LIB-000379', NULL, NULL, 1);
INSERT INTO `LIBRO` (`ID_LIB`, `TITULO`, `AÑO`, `VARIAS_OBRAS`) VALUES ('LIB-000380', NULL, NULL, 1);
INSERT INTO `LIBRO` (`ID_LIB`, `TITULO`, `AÑO`, `VARIAS_OBRAS`) VALUES ('LIB-000381', NULL, NULL, 1);
INSERT INTO `LIBRO` (`ID_LIB`, `TITULO`, `AÑO`, `VARIAS_OBRAS`) VALUES ('LIB-000382', NULL, 1984, 1);
INSERT INTO `LIBRO` (`ID_LIB`, `TITULO`, `AÑO`, `VARIAS_OBRAS`) VALUES ('LIB-000383', NULL, NULL, 1);
INSERT INTO `LIBRO` (`ID_LIB`, `TITULO`, `AÑO`, `VARIAS_OBRAS`) VALUES ('LIB-000384', NULL, NULL, 1);
INSERT INTO `LIBRO` (`ID_LIB`, `TITULO`, `AÑO`, `VARIAS_OBRAS`) VALUES ('LIB-000385', NULL, NULL, 1);
INSERT INTO `LIBRO` (`ID_LIB`, `TITULO`, `AÑO`, `VARIAS_OBRAS`) VALUES ('LIB-000386', NULL, 1993, 1);
INSERT INTO `LIBRO` (`ID_LIB`, `TITULO`, `AÑO`, `VARIAS_OBRAS`) VALUES ('LIB-000387', NULL, NULL, 1);
INSERT INTO `LIBRO` (`ID_LIB`, `TITULO`, `AÑO`, `VARIAS_OBRAS`) VALUES ('LIB-000389', NULL, 1995, 1);
INSERT INTO `LIBRO` (`ID_LIB`, `TITULO`, `AÑO`, `VARIAS_OBRAS`) VALUES ('LIB-000390', NULL, 1987, 1);
INSERT INTO `LIBRO` (`ID_LIB`, `TITULO`, `AÑO`, `VARIAS_OBRAS`) VALUES ('LIB-000391', NULL, 1994, 1);
INSERT INTO `LIBRO` (`ID_LIB`, `TITULO`, `AÑO`, `VARIAS_OBRAS`) VALUES ('LIB-000392', NULL, 1994, 1);
INSERT INTO `LIBRO` (`ID_LIB`, `TITULO`, `AÑO`, `VARIAS_OBRAS`) VALUES ('LIB-000395', NULL, NULL, 1);
INSERT INTO `LIBRO` (`ID_LIB`, `TITULO`, `AÑO`, `VARIAS_OBRAS`) VALUES ('LIB-000396', NULL, 1995, 1);
INSERT INTO `LIBRO` (`ID_LIB`, `TITULO`, `AÑO`, `VARIAS_OBRAS`) VALUES ('LIB-000397', NULL, NULL, 1);
INSERT INTO `LIBRO` (`ID_LIB`, `TITULO`, `AÑO`, `VARIAS_OBRAS`) VALUES ('LIB-000398', NULL, NULL, 1);
INSERT INTO `LIBRO` (`ID_LIB`, `TITULO`, `AÑO`, `VARIAS_OBRAS`) VALUES ('LIB-000399', NULL, NULL, 1);
INSERT INTO `LIBRO` (`ID_LIB`, `TITULO`, `AÑO`, `VARIAS_OBRAS`) VALUES ('LIB-000400', NULL, NULL, 1);
INSERT INTO `LIBRO` (`ID_LIB`, `TITULO`, `AÑO`, `VARIAS_OBRAS`) VALUES ('LIB-000401', NULL, NULL, 1);
INSERT INTO `LIBRO` (`ID_LIB`, `TITULO`, `AÑO`, `VARIAS_OBRAS`) VALUES ('LIB-000402', NULL, NULL, 1);
INSERT INTO `LIBRO` (`ID_LIB`, `TITULO`, `AÑO`, `VARIAS_OBRAS`) VALUES ('LIB-000403', NULL, 1995, 1);
INSERT INTO `LIBRO` (`ID_LIB`, `TITULO`, `AÑO`, `VARIAS_OBRAS`) VALUES ('LIB-000404', NULL, 1996, 1);
INSERT INTO `LIBRO` (`ID_LIB`, `TITULO`, `AÑO`, `VARIAS_OBRAS`) VALUES ('LIB-000405', NULL, 1984, 1);
INSERT INTO `LIBRO` (`ID_LIB`, `TITULO`, `AÑO`, `VARIAS_OBRAS`) VALUES ('LIB-000406', NULL, NULL, 1);
INSERT INTO `LIBRO` (`ID_LIB`, `TITULO`, `AÑO`, `VARIAS_OBRAS`) VALUES ('LIB-000407', NULL, NULL, 1);
INSERT INTO `LIBRO` (`ID_LIB`, `TITULO`, `AÑO`, `VARIAS_OBRAS`) VALUES ('LIB-000408', NULL, 1993, 1);
INSERT INTO `LIBRO` (`ID_LIB`, `TITULO`, `AÑO`, `VARIAS_OBRAS`) VALUES ('LIB-000409', NULL, NULL, 2);
INSERT INTO `LIBRO` (`ID_LIB`, `TITULO`, `AÑO`, `VARIAS_OBRAS`) VALUES ('LIB-000411', NULL, NULL, 2);
INSERT INTO `LIBRO` (`ID_LIB`, `TITULO`, `AÑO`, `VARIAS_OBRAS`) VALUES ('LIB-000413', NULL, NULL, 1);
INSERT INTO `LIBRO` (`ID_LIB`, `TITULO`, `AÑO`, `VARIAS_OBRAS`) VALUES ('LIB-000414', NULL, NULL, 1);
INSERT INTO `LIBRO` (`ID_LIB`, `TITULO`, `AÑO`, `VARIAS_OBRAS`) VALUES ('LIB-000415', NULL, 1981, 1);
INSERT INTO `LIBRO` (`ID_LIB`, `TITULO`, `AÑO`, `VARIAS_OBRAS`) VALUES ('LIB-000416', NULL, 1981, 1);
INSERT INTO `LIBRO` (`ID_LIB`, `TITULO`, `AÑO`, `VARIAS_OBRAS`) VALUES ('LIB-000417', NULL, 1981, 1);
INSERT INTO `LIBRO` (`ID_LIB`, `TITULO`, `AÑO`, `VARIAS_OBRAS`) VALUES ('LIB-000418', NULL, NULL, 1);
INSERT INTO `LIBRO` (`ID_LIB`, `TITULO`, `AÑO`, `VARIAS_OBRAS`) VALUES ('LIB-000419', NULL, NULL, 1);
INSERT INTO `LIBRO` (`ID_LIB`, `TITULO`, `AÑO`, `VARIAS_OBRAS`) VALUES ('LIB-000420', NULL, NULL, 1);
INSERT INTO `LIBRO` (`ID_LIB`, `TITULO`, `AÑO`, `VARIAS_OBRAS`) VALUES ('LIB-000421', NULL, NULL, 1);
INSERT INTO `LIBRO` (`ID_LIB`, `TITULO`, `AÑO`, `VARIAS_OBRAS`) VALUES ('LIB-000422', NULL, 1995, 1);
INSERT INTO `LIBRO` (`ID_LIB`, `TITULO`, `AÑO`, `VARIAS_OBRAS`) VALUES ('LIB-000423', NULL, NULL, 1);
INSERT INTO `LIBRO` (`ID_LIB`, `TITULO`, `AÑO`, `VARIAS_OBRAS`) VALUES ('LIB-000424', NULL, 1997, 1);
INSERT INTO `LIBRO` (`ID_LIB`, `TITULO`, `AÑO`, `VARIAS_OBRAS`) VALUES ('LIB-000425', NULL, NULL, 1);
INSERT INTO `LIBRO` (`ID_LIB`, `TITULO`, `AÑO`, `VARIAS_OBRAS`) VALUES ('LIB-000426', NULL, 1990, 1);
INSERT INTO `LIBRO` (`ID_LIB`, `TITULO`, `AÑO`, `VARIAS_OBRAS`) VALUES ('LIB-000427', NULL, NULL, 1);
INSERT INTO `LIBRO` (`ID_LIB`, `TITULO`, `AÑO`, `VARIAS_OBRAS`) VALUES ('LIB-000428', NULL, NULL, 1);
INSERT INTO `LIBRO` (`ID_LIB`, `TITULO`, `AÑO`, `VARIAS_OBRAS`) VALUES ('LIB-000429', NULL, NULL, 1);
INSERT INTO `LIBRO` (`ID_LIB`, `TITULO`, `AÑO`, `VARIAS_OBRAS`) VALUES ('LIB-000430', NULL, 1993, 1);
INSERT INTO `LIBRO` (`ID_LIB`, `TITULO`, `AÑO`, `VARIAS_OBRAS`) VALUES ('LIB-000431', NULL, NULL, 1);
INSERT INTO `LIBRO` (`ID_LIB`, `TITULO`, `AÑO`, `VARIAS_OBRAS`) VALUES ('LIB-000432', NULL, NULL, 1);
INSERT INTO `LIBRO` (`ID_LIB`, `TITULO`, `AÑO`, `VARIAS_OBRAS`) VALUES ('LIB-000433', NULL, NULL, 1);
INSERT INTO `LIBRO` (`ID_LIB`, `TITULO`, `AÑO`, `VARIAS_OBRAS`) VALUES ('LIB-000434', NULL, 1984, 1);
INSERT INTO `LIBRO` (`ID_LIB`, `TITULO`, `AÑO`, `VARIAS_OBRAS`) VALUES ('LIB-000435', NULL, NULL, 1);
INSERT INTO `LIBRO` (`ID_LIB`, `TITULO`, `AÑO`, `VARIAS_OBRAS`) VALUES ('LIB-000436', NULL, NULL, 1);
INSERT INTO `LIBRO` (`ID_LIB`, `TITULO`, `AÑO`, `VARIAS_OBRAS`) VALUES ('LIB-000437', NULL, NULL, 11);
INSERT INTO `LIBRO` (`ID_LIB`, `TITULO`, `AÑO`, `VARIAS_OBRAS`) VALUES ('LIB-000448', NULL, NULL, 1);
INSERT INTO `LIBRO` (`ID_LIB`, `TITULO`, `AÑO`, `VARIAS_OBRAS`) VALUES ('LIB-000449', NULL, NULL, 1);
INSERT INTO `LIBRO` (`ID_LIB`, `TITULO`, `AÑO`, `VARIAS_OBRAS`) VALUES ('LIB-000450', NULL, NULL, 1);
INSERT INTO `LIBRO` (`ID_LIB`, `TITULO`, `AÑO`, `VARIAS_OBRAS`) VALUES ('LIB-000451', NULL, NULL, 1);
INSERT INTO `LIBRO` (`ID_LIB`, `TITULO`, `AÑO`, `VARIAS_OBRAS`) VALUES ('LIB-000452', NULL, NULL, 1);
INSERT INTO `LIBRO` (`ID_LIB`, `TITULO`, `AÑO`, `VARIAS_OBRAS`) VALUES ('LIB-000453', NULL, NULL, 1);
INSERT INTO `LIBRO` (`ID_LIB`, `TITULO`, `AÑO`, `VARIAS_OBRAS`) VALUES ('LIB-000454', NULL, NULL, 2);
INSERT INTO `LIBRO` (`ID_LIB`, `TITULO`, `AÑO`, `VARIAS_OBRAS`) VALUES ('LIB-000456', NULL, 1987, 1);
INSERT INTO `LIBRO` (`ID_LIB`, `TITULO`, `AÑO`, `VARIAS_OBRAS`) VALUES ('LIB-000457', NULL, NULL, 1);
INSERT INTO `LIBRO` (`ID_LIB`, `TITULO`, `AÑO`, `VARIAS_OBRAS`) VALUES ('LIB-000458', NULL, NULL, 1);
INSERT INTO `LIBRO` (`ID_LIB`, `TITULO`, `AÑO`, `VARIAS_OBRAS`) VALUES ('LIB-000459', NULL, NULL, 1);
INSERT INTO `LIBRO` (`ID_LIB`, `TITULO`, `AÑO`, `VARIAS_OBRAS`) VALUES ('LIB-000460', NULL, NULL, 1);
INSERT INTO `LIBRO` (`ID_LIB`, `TITULO`, `AÑO`, `VARIAS_OBRAS`) VALUES ('LIB-000461', NULL, NULL, 1);
INSERT INTO `LIBRO` (`ID_LIB`, `TITULO`, `AÑO`, `VARIAS_OBRAS`) VALUES ('LIB-000462', NULL, NULL, 1);
INSERT INTO `LIBRO` (`ID_LIB`, `TITULO`, `AÑO`, `VARIAS_OBRAS`) VALUES ('LIB-000463', NULL, NULL, 1);
INSERT INTO `LIBRO` (`ID_LIB`, `TITULO`, `AÑO`, `VARIAS_OBRAS`) VALUES ('LIB-000464', NULL, NULL, 1);
INSERT INTO `LIBRO` (`ID_LIB`, `TITULO`, `AÑO`, `VARIAS_OBRAS`) VALUES ('LIB-000465', NULL, NULL, 1);
INSERT INTO `LIBRO` (`ID_LIB`, `TITULO`, `AÑO`, `VARIAS_OBRAS`) VALUES ('LIB-000466', NULL, 1984, 1);
INSERT INTO `LIBRO` (`ID_LIB`, `TITULO`, `AÑO`, `VARIAS_OBRAS`) VALUES ('LIB-000467', NULL, 1984, 1);
INSERT INTO `LIBRO` (`ID_LIB`, `TITULO`, `AÑO`, `VARIAS_OBRAS`) VALUES ('LIB-000468', NULL, 1987, 1);
INSERT INTO `LIBRO` (`ID_LIB`, `TITULO`, `AÑO`, `VARIAS_OBRAS`) VALUES ('LIB-000469', NULL, NULL, 1);
INSERT INTO `LIBRO` (`ID_LIB`, `TITULO`, `AÑO`, `VARIAS_OBRAS`) VALUES ('LIB-000470', 'Narraciones extraordinarias', NULL, 36);
INSERT INTO `LIBRO` (`ID_LIB`, `TITULO`, `AÑO`, `VARIAS_OBRAS`) VALUES ('LIB-010054', NULL, NULL, 1);
INSERT INTO `LIBRO` (`ID_LIB`, `TITULO`, `AÑO`, `VARIAS_OBRAS`) VALUES ('LIB-010088', NULL, NULL, 1);
# 312 records

#
# Table structure for table 'OBRA'
#

DROP TABLE IF EXISTS `OBRA`;

CREATE TABLE `OBRA` (
  `COD_OB` DOUBLE NOT NULL, 
  `TITULO` VARCHAR(80) NOT NULL, 
  `TEMATICA` VARCHAR(20), 
  PRIMARY KEY (`COD_OB`)
) ENGINE=maria DEFAULT CHARSET=utf8;

SET autocommit=1;

#
# Dumping data for table 'OBRA'
#

INSERT INTO `OBRA` (`COD_OB`, `TITULO`, `TEMATICA`) VALUES (2, 'Los mitos griegos 2', 'Mitología');
INSERT INTO `OBRA` (`COD_OB`, `TITULO`, `TEMATICA`) VALUES (3, 'Alejandro Magno, de Grecia al Oriente', 'Histórica');
INSERT INTO `OBRA` (`COD_OB`, `TITULO`, `TEMATICA`) VALUES (4, 'Por mares desconocidos', 'Histórica');
INSERT INTO `OBRA` (`COD_OB`, `TITULO`, `TEMATICA`) VALUES (5, 'Mahoma, la voz de Alá', 'Histórica');
INSERT INTO `OBRA` (`COD_OB`, `TITULO`, `TEMATICA`) VALUES (6, 'Pompeya, la ciudad bajo las cenizas', 'Histórica');
INSERT INTO `OBRA` (`COD_OB`, `TITULO`, `TEMATICA`) VALUES (7, 'Desde un punto de vista lógico', 'Lógica');
INSERT INTO `OBRA` (`COD_OB`, `TITULO`, `TEMATICA`) VALUES (8, 'Del Cantábrico al Mediterráneo', 'Viajes');
INSERT INTO `OBRA` (`COD_OB`, `TITULO`, `TEMATICA`) VALUES (9, 'No se lo digas a nadie', 'Novela');
INSERT INTO `OBRA` (`COD_OB`, `TITULO`, `TEMATICA`) VALUES (10, 'Israel', 'Histórica');
INSERT INTO `OBRA` (`COD_OB`, `TITULO`, `TEMATICA`) VALUES (11, 'Malena es un nombre de tango', 'Novela');
INSERT INTO `OBRA` (`COD_OB`, `TITULO`, `TEMATICA`) VALUES (12, 'Gorilas en la niebla', 'Experiencias');
INSERT INTO `OBRA` (`COD_OB`, `TITULO`, `TEMATICA`) VALUES (13, 'Bueno para comer', 'Antropología');
INSERT INTO `OBRA` (`COD_OB`, `TITULO`, `TEMATICA`) VALUES (1, 'Los mitos griegos 1', 'Lógica');
INSERT INTO `OBRA` (`COD_OB`, `TITULO`, `TEMATICA`) VALUES (14, 'Nuestra especie', 'Antropología');
INSERT INTO `OBRA` (`COD_OB`, `TITULO`, `TEMATICA`) VALUES (15, 'Vacas, cerdos, guerras y brujas', 'Antropología');
INSERT INTO `OBRA` (`COD_OB`, `TITULO`, `TEMATICA`) VALUES (16, 'El gen egoísta', 'Antropología');
INSERT INTO `OBRA` (`COD_OB`, `TITULO`, `TEMATICA`) VALUES (17, 'El último viaje de Mr. Pickwick', 'Cuento');
INSERT INTO `OBRA` (`COD_OB`, `TITULO`, `TEMATICA`) VALUES (18, 'Hard times', 'Clásico');
INSERT INTO `OBRA` (`COD_OB`, `TITULO`, `TEMATICA`) VALUES (19, 'A fine excess', 'Novela');
INSERT INTO `OBRA` (`COD_OB`, `TITULO`, `TEMATICA`) VALUES (20, 'In the beginning', 'Cuento');
INSERT INTO `OBRA` (`COD_OB`, `TITULO`, `TEMATICA`) VALUES (21, 'Un mundo feliz', 'Ciencia Ficción');
INSERT INTO `OBRA` (`COD_OB`, `TITULO`, `TEMATICA`) VALUES (22, 'El universo (I)', 'Ciencia Ficción');
INSERT INTO `OBRA` (`COD_OB`, `TITULO`, `TEMATICA`) VALUES (23, 'Fundación', 'Ciencia Ficción');
INSERT INTO `OBRA` (`COD_OB`, `TITULO`, `TEMATICA`) VALUES (24, 'Segunda fundación', 'Ciencia Ficción');
INSERT INTO `OBRA` (`COD_OB`, `TITULO`, `TEMATICA`) VALUES (25, 'Fundación e imperio', 'Ciencia Ficción');
INSERT INTO `OBRA` (`COD_OB`, `TITULO`, `TEMATICA`) VALUES (26, 'Los propios dioses', 'Ciencia Ficción');
INSERT INTO `OBRA` (`COD_OB`, `TITULO`, `TEMATICA`) VALUES (27, 'El castillo', NULL);
INSERT INTO `OBRA` (`COD_OB`, `TITULO`, `TEMATICA`) VALUES (28, 'La muralla china', NULL);
INSERT INTO `OBRA` (`COD_OB`, `TITULO`, `TEMATICA`) VALUES (29, 'Leyendas de la Alhambra', 'Cuento');
INSERT INTO `OBRA` (`COD_OB`, `TITULO`, `TEMATICA`) VALUES (30, 'Arte de amar', 'Clásico');
INSERT INTO `OBRA` (`COD_OB`, `TITULO`, `TEMATICA`) VALUES (31, 'Amores', 'Clásico');
INSERT INTO `OBRA` (`COD_OB`, `TITULO`, `TEMATICA`) VALUES (32, 'Odisea', 'Clásico');
INSERT INTO `OBRA` (`COD_OB`, `TITULO`, `TEMATICA`) VALUES (33, 'Artificios', 'Cuento');
INSERT INTO `OBRA` (`COD_OB`, `TITULO`, `TEMATICA`) VALUES (34, 'Ya ni me acuerdo', 'Cuento');
INSERT INTO `OBRA` (`COD_OB`, `TITULO`, `TEMATICA`) VALUES (35, 'El club de los suicidas', 'Cuento');
INSERT INTO `OBRA` (`COD_OB`, `TITULO`, `TEMATICA`) VALUES (36, 'La flecha negra', 'Aventuras');
INSERT INTO `OBRA` (`COD_OB`, `TITULO`, `TEMATICA`) VALUES (37, 'El Dr. Jekyll y Mr. Hyde', 'Misterio');
INSERT INTO `OBRA` (`COD_OB`, `TITULO`, `TEMATICA`) VALUES (38, 'La isla del tesoro', 'Aventuras');
INSERT INTO `OBRA` (`COD_OB`, `TITULO`, `TEMATICA`) VALUES (39, 'Alicia a través del espejo', 'Cuento');
INSERT INTO `OBRA` (`COD_OB`, `TITULO`, `TEMATICA`) VALUES (40, 'Alguien voló sobre el nido del cuco', 'Novela');
INSERT INTO `OBRA` (`COD_OB`, `TITULO`, `TEMATICA`) VALUES (41, 'Querida María Antonieta', 'Biografía');
INSERT INTO `OBRA` (`COD_OB`, `TITULO`, `TEMATICA`) VALUES (42, 'Yo misma', 'Biografía');
INSERT INTO `OBRA` (`COD_OB`, `TITULO`, `TEMATICA`) VALUES (43, 'La leyenda del santo grial', 'Histórica');
INSERT INTO `OBRA` (`COD_OB`, `TITULO`, `TEMATICA`) VALUES (44, 'El chiflón del diablo', 'Cuento');
INSERT INTO `OBRA` (`COD_OB`, `TITULO`, `TEMATICA`) VALUES (45, 'La señora', 'Cuento');
INSERT INTO `OBRA` (`COD_OB`, `TITULO`, `TEMATICA`) VALUES (46, 'En provincia', 'Cuento');
INSERT INTO `OBRA` (`COD_OB`, `TITULO`, `TEMATICA`) VALUES (47, 'Eloísa', 'Cuento');
INSERT INTO `OBRA` (`COD_OB`, `TITULO`, `TEMATICA`) VALUES (48, '¡Era tan lindo!', 'Cuento');
INSERT INTO `OBRA` (`COD_OB`, `TITULO`, `TEMATICA`) VALUES (49, 'La antipatía', 'Cuento');
INSERT INTO `OBRA` (`COD_OB`, `TITULO`, `TEMATICA`) VALUES (50, 'El bandido', 'Cuento');
INSERT INTO `OBRA` (`COD_OB`, `TITULO`, `TEMATICA`) VALUES (51, 'La desconocida', 'Cuento');
INSERT INTO `OBRA` (`COD_OB`, `TITULO`, `TEMATICA`) VALUES (52, 'Doña Santitos', 'Cuento');
INSERT INTO `OBRA` (`COD_OB`, `TITULO`, `TEMATICA`) VALUES (53, 'El colocolo', 'Cuento');
INSERT INTO `OBRA` (`COD_OB`, `TITULO`, `TEMATICA`) VALUES (54, 'Pepita Jiménez', 'Clásico');
INSERT INTO `OBRA` (`COD_OB`, `TITULO`, `TEMATICA`) VALUES (55, 'La conjura sixtina', 'Misterio');
INSERT INTO `OBRA` (`COD_OB`, `TITULO`, `TEMATICA`) VALUES (56, 'La buena muerte', 'Novela');
INSERT INTO `OBRA` (`COD_OB`, `TITULO`, `TEMATICA`) VALUES (57, 'Hielo', 'Negra');
INSERT INTO `OBRA` (`COD_OB`, `TITULO`, `TEMATICA`) VALUES (58, 'El cartero llama dos veces', 'Novela');
INSERT INTO `OBRA` (`COD_OB`, `TITULO`, `TEMATICA`) VALUES (59, 'Más allá de la medianoche', 'Novela');
INSERT INTO `OBRA` (`COD_OB`, `TITULO`, `TEMATICA`) VALUES (60, 'La isla de las tormentas', 'Novela');
INSERT INTO `OBRA` (`COD_OB`, `TITULO`, `TEMATICA`) VALUES (61, 'La chica del tambor', 'Novela');
INSERT INTO `OBRA` (`COD_OB`, `TITULO`, `TEMATICA`) VALUES (62, 'De aquí a la eternidad', 'Novela');
INSERT INTO `OBRA` (`COD_OB`, `TITULO`, `TEMATICA`) VALUES (63, 'La historia de Poodle Springs', 'Negra');
INSERT INTO `OBRA` (`COD_OB`, `TITULO`, `TEMATICA`) VALUES (64, 'EL sueño eterno', 'Negra');
INSERT INTO `OBRA` (`COD_OB`, `TITULO`, `TEMATICA`) VALUES (65, 'El largo adiós', 'Negra');
INSERT INTO `OBRA` (`COD_OB`, `TITULO`, `TEMATICA`) VALUES (66, 'Estudio en escarlata', 'Misterio');
INSERT INTO `OBRA` (`COD_OB`, `TITULO`, `TEMATICA`) VALUES (67, 'EL signo de los cuatro', 'Misterio');
INSERT INTO `OBRA` (`COD_OB`, `TITULO`, `TEMATICA`) VALUES (68, 'El perro de los Baskerville', 'Misterio');
INSERT INTO `OBRA` (`COD_OB`, `TITULO`, `TEMATICA`) VALUES (69, 'Memorias de Sherlock Holmes', 'Negra');
INSERT INTO `OBRA` (`COD_OB`, `TITULO`, `TEMATICA`) VALUES (70, 'Las aventuras de Sherlock Holmes', 'Misterio');
INSERT INTO `OBRA` (`COD_OB`, `TITULO`, `TEMATICA`) VALUES (71, 'Sherlock Holmes sigue en pie', 'Misterio');
INSERT INTO `OBRA` (`COD_OB`, `TITULO`, `TEMATICA`) VALUES (72, 'El archivo de Sherlock Holmes', 'Misterio');
INSERT INTO `OBRA` (`COD_OB`, `TITULO`, `TEMATICA`) VALUES (73, 'La reaparición de Sherlock Holmes', 'Misterio');
INSERT INTO `OBRA` (`COD_OB`, `TITULO`, `TEMATICA`) VALUES (74, 'Su último saludo en el escenario', 'Misterio');
INSERT INTO `OBRA` (`COD_OB`, `TITULO`, `TEMATICA`) VALUES (75, 'El valle del terror', 'Misterio');
INSERT INTO `OBRA` (`COD_OB`, `TITULO`, `TEMATICA`) VALUES (76, 'La mano parda', 'Misterio');
INSERT INTO `OBRA` (`COD_OB`, `TITULO`, `TEMATICA`) VALUES (77, 'EL lote 249', 'Misterio');
INSERT INTO `OBRA` (`COD_OB`, `TITULO`, `TEMATICA`) VALUES (78, 'El embudo de cuero', 'Misterio');
INSERT INTO `OBRA` (`COD_OB`, `TITULO`, `TEMATICA`) VALUES (79, 'Los asesinatos de la calle Morgue', 'Misterio');
INSERT INTO `OBRA` (`COD_OB`, `TITULO`, `TEMATICA`) VALUES (80, 'La carta robada', 'Misterio');
INSERT INTO `OBRA` (`COD_OB`, `TITULO`, `TEMATICA`) VALUES (81, 'La dama del lago', 'Negra');
INSERT INTO `OBRA` (`COD_OB`, `TITULO`, `TEMATICA`) VALUES (82, 'El simple arte de matar', 'Negra');
INSERT INTO `OBRA` (`COD_OB`, `TITULO`, `TEMATICA`) VALUES (83, 'Peces de colores', 'Negra');
INSERT INTO `OBRA` (`COD_OB`, `TITULO`, `TEMATICA`) VALUES (84, 'Asesino en la lluvia', 'Negra');
INSERT INTO `OBRA` (`COD_OB`, `TITULO`, `TEMATICA`) VALUES (85, 'Playback', 'Negra');
INSERT INTO `OBRA` (`COD_OB`, `TITULO`, `TEMATICA`) VALUES (86, 'La ventana siniestra', 'Negra');
INSERT INTO `OBRA` (`COD_OB`, `TITULO`, `TEMATICA`) VALUES (87, 'Love story', 'Novela');
INSERT INTO `OBRA` (`COD_OB`, `TITULO`, `TEMATICA`) VALUES (88, 'Exodo', 'Novela');
INSERT INTO `OBRA` (`COD_OB`, `TITULO`, `TEMATICA`) VALUES (89, 'Juego de patriotas', 'Novela');
INSERT INTO `OBRA` (`COD_OB`, `TITULO`, `TEMATICA`) VALUES (90, 'Aventuras de Alicia en la cámara oscura', 'Cuento');
INSERT INTO `OBRA` (`COD_OB`, `TITULO`, `TEMATICA`) VALUES (91, 'La aventura del quinteto inacabado', 'Cuento');
INSERT INTO `OBRA` (`COD_OB`, `TITULO`, `TEMATICA`) VALUES (92, 'EL juego de la lógica', 'Lógica');
INSERT INTO `OBRA` (`COD_OB`, `TITULO`, `TEMATICA`) VALUES (93, 'Isabel la católica', 'Biografía');
INSERT INTO `OBRA` (`COD_OB`, `TITULO`, `TEMATICA`) VALUES (94, 'Bonaparte', 'Biografía');
INSERT INTO `OBRA` (`COD_OB`, `TITULO`, `TEMATICA`) VALUES (95, 'Hasta que la muerte…', 'Negra');
INSERT INTO `OBRA` (`COD_OB`, `TITULO`, `TEMATICA`) VALUES (96, 'Calor', 'Negra');
INSERT INTO `OBRA` (`COD_OB`, `TITULO`, `TEMATICA`) VALUES (97, 'Llama 3-2-1', 'Negra');
INSERT INTO `OBRA` (`COD_OB`, `TITULO`, `TEMATICA`) VALUES (98, 'La ciudad contra Kowalszyk', 'Negra');
INSERT INTO `OBRA` (`COD_OB`, `TITULO`, `TEMATICA`) VALUES (99, 'Disparen sobre el pianista', 'Negra');
INSERT INTO `OBRA` (`COD_OB`, `TITULO`, `TEMATICA`) VALUES (100, 'La mano', 'Cuento');
INSERT INTO `OBRA` (`COD_OB`, `TITULO`, `TEMATICA`) VALUES (101, 'Oona, la alegre mujer de las cavernas', 'Cuento');
INSERT INTO `OBRA` (`COD_OB`, `TITULO`, `TEMATICA`) VALUES (102, 'La coqueta', 'Cuento');
INSERT INTO `OBRA` (`COD_OB`, `TITULO`, `TEMATICA`) VALUES (103, 'La novelista', 'Cuento');
INSERT INTO `OBRA` (`COD_OB`, `TITULO`, `TEMATICA`) VALUES (104, 'La bailarina', 'Cuento');
INSERT INTO `OBRA` (`COD_OB`, `TITULO`, `TEMATICA`) VALUES (105, 'La enferma o la encamada', 'Cuento');
INSERT INTO `OBRA` (`COD_OB`, `TITULO`, `TEMATICA`) VALUES (106, 'La artista', 'Cuento');
INSERT INTO `OBRA` (`COD_OB`, `TITULO`, `TEMATICA`) VALUES (107, 'El ama de casa de clase media', 'Cuento');
INSERT INTO `OBRA` (`COD_OB`, `TITULO`, `TEMATICA`) VALUES (108, 'La prostituta autorizada o la esposa', 'Cuento');
INSERT INTO `OBRA` (`COD_OB`, `TITULO`, `TEMATICA`) VALUES (109, 'La paridora', 'Cuento');
INSERT INTO `OBRA` (`COD_OB`, `TITULO`, `TEMATICA`) VALUES (110, 'El objeto de cama transportable', 'Cuento');
INSERT INTO `OBRA` (`COD_OB`, `TITULO`, `TEMATICA`) VALUES (111, 'La perfecta señorita', 'Cuento');
INSERT INTO `OBRA` (`COD_OB`, `TITULO`, `TEMATICA`) VALUES (112, 'La suegra silenciosa', 'Cuento');
INSERT INTO `OBRA` (`COD_OB`, `TITULO`, `TEMATICA`) VALUES (113, 'La ñoña', 'Cuento');
INSERT INTO `OBRA` (`COD_OB`, `TITULO`, `TEMATICA`) VALUES (114, 'La víctima', 'Cuento');
INSERT INTO `OBRA` (`COD_OB`, `TITULO`, `TEMATICA`) VALUES (115, 'La evangelizadora', 'Cuento');
INSERT INTO `OBRA` (`COD_OB`, `TITULO`, `TEMATICA`) VALUES (116, 'La perfeccionista', 'Cuento');
INSERT INTO `OBRA` (`COD_OB`, `TITULO`, `TEMATICA`) VALUES (117, 'Ese dulce mal', 'Negra');
INSERT INTO `OBRA` (`COD_OB`, `TITULO`, `TEMATICA`) VALUES (118, 'Maigret y los ancianos', 'Negra');
INSERT INTO `OBRA` (`COD_OB`, `TITULO`, `TEMATICA`) VALUES (119, 'Maigret en la audiencia', 'Negra');
INSERT INTO `OBRA` (`COD_OB`, `TITULO`, `TEMATICA`) VALUES (120, 'Ciertas personas', 'Novela');
INSERT INTO `OBRA` (`COD_OB`, `TITULO`, `TEMATICA`) VALUES (121, 'Las sandalias del pescador', 'Novela');
INSERT INTO `OBRA` (`COD_OB`, `TITULO`, `TEMATICA`) VALUES (122, 'El gran Gatsby', 'Novela');
INSERT INTO `OBRA` (`COD_OB`, `TITULO`, `TEMATICA`) VALUES (125, 'El corazón de las tinieblas', NULL);
INSERT INTO `OBRA` (`COD_OB`, `TITULO`, `TEMATICA`) VALUES (126, 'La soga al cuello', NULL);
INSERT INTO `OBRA` (`COD_OB`, `TITULO`, `TEMATICA`) VALUES (127, 'El color púrpura', 'Novela');
INSERT INTO `OBRA` (`COD_OB`, `TITULO`, `TEMATICA`) VALUES (128, 'Los gritos del silencio', 'Novela');
INSERT INTO `OBRA` (`COD_OB`, `TITULO`, `TEMATICA`) VALUES (129, 'Bella del señor', 'Novela');
INSERT INTO `OBRA` (`COD_OB`, `TITULO`, `TEMATICA`) VALUES (130, 'Muertos o algo mejor', 'Novela');
INSERT INTO `OBRA` (`COD_OB`, `TITULO`, `TEMATICA`) VALUES (131, 'Cocina tradicional vegetariana', 'Cocina');
INSERT INTO `OBRA` (`COD_OB`, `TITULO`, `TEMATICA`) VALUES (132, 'La perversión del lenguaje', NULL);
INSERT INTO `OBRA` (`COD_OB`, `TITULO`, `TEMATICA`) VALUES (133, 'Matar a un ruiseñor', 'Novela');
INSERT INTO `OBRA` (`COD_OB`, `TITULO`, `TEMATICA`) VALUES (134, 'Chacal', 'Misterio');
INSERT INTO `OBRA` (`COD_OB`, `TITULO`, `TEMATICA`) VALUES (135, 'El cuarto protocolo', 'Misterio');
INSERT INTO `OBRA` (`COD_OB`, `TITULO`, `TEMATICA`) VALUES (136, 'Odessa', 'Misterio');
INSERT INTO `OBRA` (`COD_OB`, `TITULO`, `TEMATICA`) VALUES (137, 'El ángel sin cabeza', 'Novela');
INSERT INTO `OBRA` (`COD_OB`, `TITULO`, `TEMATICA`) VALUES (138, 'Cortes', 'Novela');
INSERT INTO `OBRA` (`COD_OB`, `TITULO`, `TEMATICA`) VALUES (139, 'Viento del este, viento del oeste', 'Clásico');
INSERT INTO `OBRA` (`COD_OB`, `TITULO`, `TEMATICA`) VALUES (140, 'El padrino', 'Negra');
INSERT INTO `OBRA` (`COD_OB`, `TITULO`, `TEMATICA`) VALUES (141, 'El silencio de los corderos', 'Novela');
INSERT INTO `OBRA` (`COD_OB`, `TITULO`, `TEMATICA`) VALUES (142, 'West side story', 'Novela');
INSERT INTO `OBRA` (`COD_OB`, `TITULO`, `TEMATICA`) VALUES (143, 'El embajador', 'Novela');
INSERT INTO `OBRA` (`COD_OB`, `TITULO`, `TEMATICA`) VALUES (144, 'Guerra y paz', 'Clásico');
INSERT INTO `OBRA` (`COD_OB`, `TITULO`, `TEMATICA`) VALUES (145, 'El factor humano', 'Misterio');
INSERT INTO `OBRA` (`COD_OB`, `TITULO`, `TEMATICA`) VALUES (146, 'EL cura de Malta', 'Novela');
INSERT INTO `OBRA` (`COD_OB`, `TITULO`, `TEMATICA`) VALUES (147, 'EL pájaro espino', NULL);
INSERT INTO `OBRA` (`COD_OB`, `TITULO`, `TEMATICA`) VALUES (148, 'El millonario tenebroso', 'Novela');
INSERT INTO `OBRA` (`COD_OB`, `TITULO`, `TEMATICA`) VALUES (149, 'Una fortuna peligrosa', 'Novela');
INSERT INTO `OBRA` (`COD_OB`, `TITULO`, `TEMATICA`) VALUES (150, 'Memorias de África', 'Novela');
INSERT INTO `OBRA` (`COD_OB`, `TITULO`, `TEMATICA`) VALUES (151, 'El quinto jinete', 'Novela');
INSERT INTO `OBRA` (`COD_OB`, `TITULO`, `TEMATICA`) VALUES (152, 'Pájaro de celda', 'Novela');
INSERT INTO `OBRA` (`COD_OB`, `TITULO`, `TEMATICA`) VALUES (153, 'Los pilares de la tierra', 'Novela');
INSERT INTO `OBRA` (`COD_OB`, `TITULO`, `TEMATICA`) VALUES (154, 'La clave está en Rebeca', 'Novela');
INSERT INTO `OBRA` (`COD_OB`, `TITULO`, `TEMATICA`) VALUES (155, 'La ciudad de los prodigios', 'Novela');
INSERT INTO `OBRA` (`COD_OB`, `TITULO`, `TEMATICA`) VALUES (156, 'La sombra de los días', 'Novela');
INSERT INTO `OBRA` (`COD_OB`, `TITULO`, `TEMATICA`) VALUES (157, 'Montañas valencianas: comarcas alicantinas', 'Viajes');
INSERT INTO `OBRA` (`COD_OB`, `TITULO`, `TEMATICA`) VALUES (158, 'GR11: Muga de Zuriza-Puente de Salenques', 'Viajes');
INSERT INTO `OBRA` (`COD_OB`, `TITULO`, `TEMATICA`) VALUES (159, 'Andar por Cabo de Gata', 'Viajes');
INSERT INTO `OBRA` (`COD_OB`, `TITULO`, `TEMATICA`) VALUES (160, 'La Alhambra y el Generalife', 'Viajes');
INSERT INTO `OBRA` (`COD_OB`, `TITULO`, `TEMATICA`) VALUES (161, 'Escandinavia', 'Viajes');
INSERT INTO `OBRA` (`COD_OB`, `TITULO`, `TEMATICA`) VALUES (162, 'La guía de Valencia y 49 municipios', 'Viajes');
INSERT INTO `OBRA` (`COD_OB`, `TITULO`, `TEMATICA`) VALUES (163, 'México', 'Viajes');
INSERT INTO `OBRA` (`COD_OB`, `TITULO`, `TEMATICA`) VALUES (164, '1080 Recetas de cocina', 'Cocina');
INSERT INTO `OBRA` (`COD_OB`, `TITULO`, `TEMATICA`) VALUES (165, 'La guía de la cocina clásica', 'Cocina');
INSERT INTO `OBRA` (`COD_OB`, `TITULO`, `TEMATICA`) VALUES (166, 'Biblioteca de oro de la cocina', 'Cocina');
INSERT INTO `OBRA` (`COD_OB`, `TITULO`, `TEMATICA`) VALUES (167, 'Diccionario del vino', 'Cocina');
INSERT INTO `OBRA` (`COD_OB`, `TITULO`, `TEMATICA`) VALUES (168, 'El arte del pastel de verduras', 'Cocina');
INSERT INTO `OBRA` (`COD_OB`, `TITULO`, `TEMATICA`) VALUES (169, 'El método Montignac', 'Clásico');
INSERT INTO `OBRA` (`COD_OB`, `TITULO`, `TEMATICA`) VALUES (170, 'A escullar', 'Cocina');
INSERT INTO `OBRA` (`COD_OB`, `TITULO`, `TEMATICA`) VALUES (171, 'La cocina ultrarápida con microondas', 'Cocina');
INSERT INTO `OBRA` (`COD_OB`, `TITULO`, `TEMATICA`) VALUES (172, 'Microondas para invitar', 'Cocina');
INSERT INTO `OBRA` (`COD_OB`, `TITULO`, `TEMATICA`) VALUES (173, 'El gran libro de Bauknecht para el horno de microondas', 'Cocina');
INSERT INTO `OBRA` (`COD_OB`, `TITULO`, `TEMATICA`) VALUES (176, 'La aventura de Miguel Littín clandestino en Chile', 'Novela');
INSERT INTO `OBRA` (`COD_OB`, `TITULO`, `TEMATICA`) VALUES (177, 'El balneario', 'Cuento');
INSERT INTO `OBRA` (`COD_OB`, `TITULO`, `TEMATICA`) VALUES (178, 'Cien años de soledad', 'Novela');
INSERT INTO `OBRA` (`COD_OB`, `TITULO`, `TEMATICA`) VALUES (179, 'EL otoño del patriarca', 'Novela');
INSERT INTO `OBRA` (`COD_OB`, `TITULO`, `TEMATICA`) VALUES (180, 'Los informes', 'Cuento');
INSERT INTO `OBRA` (`COD_OB`, `TITULO`, `TEMATICA`) VALUES (181, 'El general en su laberinto', 'Novela');
INSERT INTO `OBRA` (`COD_OB`, `TITULO`, `TEMATICA`) VALUES (182, 'El coronel no tiene quien le escriba', 'Novela');
INSERT INTO `OBRA` (`COD_OB`, `TITULO`, `TEMATICA`) VALUES (183, 'Relato de un náufrago', 'Novela');
INSERT INTO `OBRA` (`COD_OB`, `TITULO`, `TEMATICA`) VALUES (184, 'La mala hora', 'Novela');
INSERT INTO `OBRA` (`COD_OB`, `TITULO`, `TEMATICA`) VALUES (185, 'Crónica de una muerte anunciada', 'Novela');
INSERT INTO `OBRA` (`COD_OB`, `TITULO`, `TEMATICA`) VALUES (186, 'Diatriba de amor a un hombre sentado', 'Novela');
INSERT INTO `OBRA` (`COD_OB`, `TITULO`, `TEMATICA`) VALUES (187, 'Veinte poemas de amor', 'Poesía');
INSERT INTO `OBRA` (`COD_OB`, `TITULO`, `TEMATICA`) VALUES (188, 'Cien sonetos de amor', 'Poesía');
INSERT INTO `OBRA` (`COD_OB`, `TITULO`, `TEMATICA`) VALUES (189, 'Te trataré como una reina', 'Novela');
INSERT INTO `OBRA` (`COD_OB`, `TITULO`, `TEMATICA`) VALUES (190, 'La colmena', 'Novela');
INSERT INTO `OBRA` (`COD_OB`, `TITULO`, `TEMATICA`) VALUES (191, 'La familia de Pascual Duarte', 'Novela');
INSERT INTO `OBRA` (`COD_OB`, `TITULO`, `TEMATICA`) VALUES (192, 'El Aleph', 'Novela');
INSERT INTO `OBRA` (`COD_OB`, `TITULO`, `TEMATICA`) VALUES (193, 'El llano en llamas', 'Novela');
INSERT INTO `OBRA` (`COD_OB`, `TITULO`, `TEMATICA`) VALUES (194, 'Confieso que he vivido. Memorias', 'Biografía');
INSERT INTO `OBRA` (`COD_OB`, `TITULO`, `TEMATICA`) VALUES (195, 'Elogio de la madrastra', 'Novela');
INSERT INTO `OBRA` (`COD_OB`, `TITULO`, `TEMATICA`) VALUES (196, 'Pantaleón y las visitadoras', 'Novela');
INSERT INTO `OBRA` (`COD_OB`, `TITULO`, `TEMATICA`) VALUES (197, 'La casa tomada', 'Cuento');
INSERT INTO `OBRA` (`COD_OB`, `TITULO`, `TEMATICA`) VALUES (198, 'Lejana', 'Cuento');
INSERT INTO `OBRA` (`COD_OB`, `TITULO`, `TEMATICA`) VALUES (199, 'Circe', 'Cuento');
INSERT INTO `OBRA` (`COD_OB`, `TITULO`, `TEMATICA`) VALUES (200, 'Bestiario', 'Cuento');
INSERT INTO `OBRA` (`COD_OB`, `TITULO`, `TEMATICA`) VALUES (201, 'Las puertas del cielo', 'Cuento');
INSERT INTO `OBRA` (`COD_OB`, `TITULO`, `TEMATICA`) VALUES (202, 'Continuidad de los parques', 'Cuento');
INSERT INTO `OBRA` (`COD_OB`, `TITULO`, `TEMATICA`) VALUES (203, 'Las ménades', 'Cuento');
INSERT INTO `OBRA` (`COD_OB`, `TITULO`, `TEMATICA`) VALUES (204, 'El ídolo de las cícladas', 'Cuento');
INSERT INTO `OBRA` (`COD_OB`, `TITULO`, `TEMATICA`) VALUES (205, 'Relato con un fondo de agua', 'Cuento');
INSERT INTO `OBRA` (`COD_OB`, `TITULO`, `TEMATICA`) VALUES (206, 'Axolotl', 'Cuento');
INSERT INTO `OBRA` (`COD_OB`, `TITULO`, `TEMATICA`) VALUES (207, 'La noche boca arriba', 'Cuento');
INSERT INTO `OBRA` (`COD_OB`, `TITULO`, `TEMATICA`) VALUES (208, 'Final del juego', 'Cuento');
INSERT INTO `OBRA` (`COD_OB`, `TITULO`, `TEMATICA`) VALUES (209, 'Cartas de mamá', 'Cuento');
INSERT INTO `OBRA` (`COD_OB`, `TITULO`, `TEMATICA`) VALUES (210, 'Todos los fuegos, el fuego', 'Cuento');
INSERT INTO `OBRA` (`COD_OB`, `TITULO`, `TEMATICA`) VALUES (211, 'La isla a mediodía', 'Cuento');
INSERT INTO `OBRA` (`COD_OB`, `TITULO`, `TEMATICA`) VALUES (212, 'El otro cielo', 'Cuento');
INSERT INTO `OBRA` (`COD_OB`, `TITULO`, `TEMATICA`) VALUES (213, 'Rayuela', 'Novela');
INSERT INTO `OBRA` (`COD_OB`, `TITULO`, `TEMATICA`) VALUES (214, 'Un viejo que leía novelas de amor', 'Novela');
INSERT INTO `OBRA` (`COD_OB`, `TITULO`, `TEMATICA`) VALUES (215, 'La casa de los espíritus', 'Novela');
INSERT INTO `OBRA` (`COD_OB`, `TITULO`, `TEMATICA`) VALUES (216, 'Muro de ojos', 'Misterio');
INSERT INTO `OBRA` (`COD_OB`, `TITULO`, `TEMATICA`) VALUES (217, 'Un asunto de hombres', 'Misterio');
INSERT INTO `OBRA` (`COD_OB`, `TITULO`, `TEMATICA`) VALUES (218, 'Planéalo tú mismo', 'Misterio');
INSERT INTO `OBRA` (`COD_OB`, `TITULO`, `TEMATICA`) VALUES (219, 'Trampas', 'Misterio');
INSERT INTO `OBRA` (`COD_OB`, `TITULO`, `TEMATICA`) VALUES (220, 'El americano impasible', 'Misterio');
INSERT INTO `OBRA` (`COD_OB`, `TITULO`, `TEMATICA`) VALUES (221, 'La llave de cristal', 'Misterio');
INSERT INTO `OBRA` (`COD_OB`, `TITULO`, `TEMATICA`) VALUES (222, 'Jaque mate al asesino', 'Misterio');
INSERT INTO `OBRA` (`COD_OB`, `TITULO`, `TEMATICA`) VALUES (223, 'El caso de las trompetas celestiales', 'Misterio');
INSERT INTO `OBRA` (`COD_OB`, `TITULO`, `TEMATICA`) VALUES (224, 'La herencia Valentine', 'Misterio');
INSERT INTO `OBRA` (`COD_OB`, `TITULO`, `TEMATICA`) VALUES (225, 'El maligno', 'Misterio');
INSERT INTO `OBRA` (`COD_OB`, `TITULO`, `TEMATICA`) VALUES (226, 'Fishhead', 'Cuento');
INSERT INTO `OBRA` (`COD_OB`, `TITULO`, `TEMATICA`) VALUES (227, 'La cámara obscura', 'Cuento');
INSERT INTO `OBRA` (`COD_OB`, `TITULO`, `TEMATICA`) VALUES (228, 'Una muerte en la familia', 'Cuento');
INSERT INTO `OBRA` (`COD_OB`, `TITULO`, `TEMATICA`) VALUES (229, 'Los hombres sin huesos', 'Cuento');
INSERT INTO `OBRA` (`COD_OB`, `TITULO`, `TEMATICA`) VALUES (230, 'Sin un ruido', 'Cuento');
INSERT INTO `OBRA` (`COD_OB`, `TITULO`, `TEMATICA`) VALUES (231, 'La fiesta de cumpleaños', 'Cuento');
INSERT INTO `OBRA` (`COD_OB`, `TITULO`, `TEMATICA`) VALUES (232, 'La equis señala al peatón', 'Cuento');
INSERT INTO `OBRA` (`COD_OB`, `TITULO`, `TEMATICA`) VALUES (233, 'La curiosa aventura de Mr. Bond', 'Cuento');
INSERT INTO `OBRA` (`COD_OB`, `TITULO`, `TEMATICA`) VALUES (234, 'Dos solteronas', 'Cuento');
INSERT INTO `OBRA` (`COD_OB`, `TITULO`, `TEMATICA`) VALUES (235, 'El cuchillo', 'Cuento');
INSERT INTO `OBRA` (`COD_OB`, `TITULO`, `TEMATICA`) VALUES (236, 'La jaula', 'Cuento');
INSERT INTO `OBRA` (`COD_OB`, `TITULO`, `TEMATICA`) VALUES (237, 'El monstruo', 'Cuento');
INSERT INTO `OBRA` (`COD_OB`, `TITULO`, `TEMATICA`) VALUES (238, 'Casablanca', 'Cuento');
INSERT INTO `OBRA` (`COD_OB`, `TITULO`, `TEMATICA`) VALUES (239, 'El camino de Mictlantecutli', 'Cuento');
INSERT INTO `OBRA` (`COD_OB`, `TITULO`, `TEMATICA`) VALUES (240, 'El guía hacia el castigo', 'Cuento');
INSERT INTO `OBRA` (`COD_OB`, `TITULO`, `TEMATICA`) VALUES (241, 'El estuario', 'Cuento');
INSERT INTO `OBRA` (`COD_OB`, `TITULO`, `TEMATICA`) VALUES (242, 'Dura ciudad', 'Cuento');
INSERT INTO `OBRA` (`COD_OB`, `TITULO`, `TEMATICA`) VALUES (243, 'El enano', 'Cuento');
INSERT INTO `OBRA` (`COD_OB`, `TITULO`, `TEMATICA`) VALUES (244, 'Noche en casa de Black', 'Cuento');
INSERT INTO `OBRA` (`COD_OB`, `TITULO`, `TEMATICA`) VALUES (245, 'La habitación de los niños', 'Cuento');
INSERT INTO `OBRA` (`COD_OB`, `TITULO`, `TEMATICA`) VALUES (246, '¡Tan real!', 'Cuento');
INSERT INTO `OBRA` (`COD_OB`, `TITULO`, `TEMATICA`) VALUES (247, 'Viaje a la muerte', 'Cuento');
INSERT INTO `OBRA` (`COD_OB`, `TITULO`, `TEMATICA`) VALUES (248, 'El amo de los perros', 'Cuento');
INSERT INTO `OBRA` (`COD_OB`, `TITULO`, `TEMATICA`) VALUES (249, 'El candidato', 'Cuento');
INSERT INTO `OBRA` (`COD_OB`, `TITULO`, `TEMATICA`) VALUES (250, 'El misterio de las profundidades', 'Cuento');
INSERT INTO `OBRA` (`COD_OB`, `TITULO`, `TEMATICA`) VALUES (252, 'El escribano del secreto', 'Intriga');
INSERT INTO `OBRA` (`COD_OB`, `TITULO`, `TEMATICA`) VALUES (253, 'Madame Bovary', 'Clásico');
INSERT INTO `OBRA` (`COD_OB`, `TITULO`, `TEMATICA`) VALUES (254, 'San Manuel bueno, mártir', 'Clásico');
INSERT INTO `OBRA` (`COD_OB`, `TITULO`, `TEMATICA`) VALUES (255, 'El condenado por desconfiado', 'Clásico');
INSERT INTO `OBRA` (`COD_OB`, `TITULO`, `TEMATICA`) VALUES (256, 'La casa de Bernarda Alba', 'Teatro');
INSERT INTO `OBRA` (`COD_OB`, `TITULO`, `TEMATICA`) VALUES (257, 'El rayo que no cesa', 'Poesía');
INSERT INTO `OBRA` (`COD_OB`, `TITULO`, `TEMATICA`) VALUES (258, 'Poemas', 'Poesía');
INSERT INTO `OBRA` (`COD_OB`, `TITULO`, `TEMATICA`) VALUES (259, 'La oficina', 'Cuento');
INSERT INTO `OBRA` (`COD_OB`, `TITULO`, `TEMATICA`) VALUES (260, 'Libro de buen amor', 'Clásico');
INSERT INTO `OBRA` (`COD_OB`, `TITULO`, `TEMATICA`) VALUES (261, 'Peribáñez y el comendador de Ocaña', 'Teatro');
INSERT INTO `OBRA` (`COD_OB`, `TITULO`, `TEMATICA`) VALUES (262, 'La estrella de Sevilla', 'Teatro');
INSERT INTO `OBRA` (`COD_OB`, `TITULO`, `TEMATICA`) VALUES (263, 'El tragaluz', 'Teatro');
INSERT INTO `OBRA` (`COD_OB`, `TITULO`, `TEMATICA`) VALUES (264, 'El sueño de la razón', 'Teatro');
INSERT INTO `OBRA` (`COD_OB`, `TITULO`, `TEMATICA`) VALUES (265, 'Don Álvaro o la fuerza del sino', 'Teatro');
INSERT INTO `OBRA` (`COD_OB`, `TITULO`, `TEMATICA`) VALUES (266, 'Fabia Linde', 'Cuento');
INSERT INTO `OBRA` (`COD_OB`, `TITULO`, `TEMATICA`) VALUES (267, 'La infidente de sí misma', 'Cuento');
INSERT INTO `OBRA` (`COD_OB`, `TITULO`, `TEMATICA`) VALUES (268, 'Los niños en la playa', 'Cuento');
INSERT INTO `OBRA` (`COD_OB`, `TITULO`, `TEMATICA`) VALUES (269, 'Rosa, lirio y clavel', 'Cuento');
INSERT INTO `OBRA` (`COD_OB`, `TITULO`, `TEMATICA`) VALUES (270, 'En el tercer grado', 'Cuento');
INSERT INTO `OBRA` (`COD_OB`, `TITULO`, `TEMATICA`) VALUES (271, 'Tom Grey', 'Cuento');
INSERT INTO `OBRA` (`COD_OB`, `TITULO`, `TEMATICA`) VALUES (272, 'El reverso del tapiz', 'Cuento');
INSERT INTO `OBRA` (`COD_OB`, `TITULO`, `TEMATICA`) VALUES (273, 'La ecuación', 'Cuento');
INSERT INTO `OBRA` (`COD_OB`, `TITULO`, `TEMATICA`) VALUES (274, 'Gestación', 'Cuento');
INSERT INTO `OBRA` (`COD_OB`, `TITULO`, `TEMATICA`) VALUES (275, 'La balanza', 'Cuento');
INSERT INTO `OBRA` (`COD_OB`, `TITULO`, `TEMATICA`) VALUES (276, 'Voluptuosidad', 'Cuento');
INSERT INTO `OBRA` (`COD_OB`, `TITULO`, `TEMATICA`) VALUES (277, 'La mariposa y la llama', 'Cuento');
INSERT INTO `OBRA` (`COD_OB`, `TITULO`, `TEMATICA`) VALUES (278, 'El primer milagro', 'Cuento');
INSERT INTO `OBRA` (`COD_OB`, `TITULO`, `TEMATICA`) VALUES (279, 'Un incrédulo', 'Cuento');
INSERT INTO `OBRA` (`COD_OB`, `TITULO`, `TEMATICA`) VALUES (280, 'Julián Morencos', 'Cuento');
INSERT INTO `OBRA` (`COD_OB`, `TITULO`, `TEMATICA`) VALUES (281, 'Una conversión', 'Cuento');
INSERT INTO `OBRA` (`COD_OB`, `TITULO`, `TEMATICA`) VALUES (282, 'Las tres pastillitas', 'Cuento');
INSERT INTO `OBRA` (`COD_OB`, `TITULO`, `TEMATICA`) VALUES (283, 'Como una estrella errante', 'Cuento');
INSERT INTO `OBRA` (`COD_OB`, `TITULO`, `TEMATICA`) VALUES (284, 'Las sirenas', 'Cuento');
INSERT INTO `OBRA` (`COD_OB`, `TITULO`, `TEMATICA`) VALUES (285, 'El diablo cojuelo', 'Clásico');
INSERT INTO `OBRA` (`COD_OB`, `TITULO`, `TEMATICA`) VALUES (286, 'El sí de las niñas', 'Teatro');
INSERT INTO `OBRA` (`COD_OB`, `TITULO`, `TEMATICA`) VALUES (287, 'Como agua para el chocolate', 'Clásico');
INSERT INTO `OBRA` (`COD_OB`, `TITULO`, `TEMATICA`) VALUES (288, 'Vuelva usted mañana', 'Artículo');
INSERT INTO `OBRA` (`COD_OB`, `TITULO`, `TEMATICA`) VALUES (289, 'Carta a Andrés', 'Artículo');
INSERT INTO `OBRA` (`COD_OB`, `TITULO`, `TEMATICA`) VALUES (290, 'Carta segunda escrita a Andrés', 'Artículo');
INSERT INTO `OBRA` (`COD_OB`, `TITULO`, `TEMATICA`) VALUES (291, 'El castellano viejo', 'Artículo');
INSERT INTO `OBRA` (`COD_OB`, `TITULO`, `TEMATICA`) VALUES (292, 'En este país', 'Artículo');
INSERT INTO `OBRA` (`COD_OB`, `TITULO`, `TEMATICA`) VALUES (293, 'Nadie pase sin hablar al portero', 'Artículo');
INSERT INTO `OBRA` (`COD_OB`, `TITULO`, `TEMATICA`) VALUES (294, 'La fonda nueva', 'Artículo');
INSERT INTO `OBRA` (`COD_OB`, `TITULO`, `TEMATICA`) VALUES (295, 'Carta a Fígaro', 'Artículo');
INSERT INTO `OBRA` (`COD_OB`, `TITULO`, `TEMATICA`) VALUES (296, 'Tercera carta', 'Artículo');
INSERT INTO `OBRA` (`COD_OB`, `TITULO`, `TEMATICA`) VALUES (297, 'Un reo de muerte', 'Artículo');
INSERT INTO `OBRA` (`COD_OB`, `TITULO`, `TEMATICA`) VALUES (298, 'Los calaveras', 'Artículo');
INSERT INTO `OBRA` (`COD_OB`, `TITULO`, `TEMATICA`) VALUES (299, 'El día de Difuntos de 1836', 'Artículo');
INSERT INTO `OBRA` (`COD_OB`, `TITULO`, `TEMATICA`) VALUES (300, 'La Nochebuena de 1836', 'Artículo');
INSERT INTO `OBRA` (`COD_OB`, `TITULO`, `TEMATICA`) VALUES (301, 'Ola de crímenes en el castillo de Blandings', 'Juvenil');
INSERT INTO `OBRA` (`COD_OB`, `TITULO`, `TEMATICA`) VALUES (302, 'Un tesoro enterrado', 'Juvenil');
INSERT INTO `OBRA` (`COD_OB`, `TITULO`, `TEMATICA`) VALUES (303, 'La ley escrita', 'Juvenil');
INSERT INTO `OBRA` (`COD_OB`, `TITULO`, `TEMATICA`) VALUES (304, '¡Adiós, Legs!', 'Juvenil');
INSERT INTO `OBRA` (`COD_OB`, `TITULO`, `TEMATICA`) VALUES (305, 'Siempre golf', 'Juvenil');
INSERT INTO `OBRA` (`COD_OB`, `TITULO`, `TEMATICA`) VALUES (306, 'El Trovador Enmascarado', 'Juvenil');
INSERT INTO `OBRA` (`COD_OB`, `TITULO`, `TEMATICA`) VALUES (307, 'Del hogar al hogar', 'Juvenil');
INSERT INTO `OBRA` (`COD_OB`, `TITULO`, `TEMATICA`) VALUES (308, 'La reaparición de Battling Billson', 'Juvenil');
INSERT INTO `OBRA` (`COD_OB`, `TITULO`, `TEMATICA`) VALUES (309, 'Una mentalidad equilibrada', 'Juvenil');
INSERT INTO `OBRA` (`COD_OB`, `TITULO`, `TEMATICA`) VALUES (310, 'Judíos, moros y cristianos', 'Novela');
INSERT INTO `OBRA` (`COD_OB`, `TITULO`, `TEMATICA`) VALUES (311, 'El amor es un juego solitario', 'Novela');
INSERT INTO `OBRA` (`COD_OB`, `TITULO`, `TEMATICA`) VALUES (312, 'Alamut', 'Novela');
INSERT INTO `OBRA` (`COD_OB`, `TITULO`, `TEMATICA`) VALUES (313, 'Final troyano', 'Histórica');
INSERT INTO `OBRA` (`COD_OB`, `TITULO`, `TEMATICA`) VALUES (314, 'Yo, Claudio', 'Histórica');
INSERT INTO `OBRA` (`COD_OB`, `TITULO`, `TEMATICA`) VALUES (315, 'En busca del rey', 'Histórica');
INSERT INTO `OBRA` (`COD_OB`, `TITULO`, `TEMATICA`) VALUES (316, 'Jualiano, el Apóstata', 'Histórica');
INSERT INTO `OBRA` (`COD_OB`, `TITULO`, `TEMATICA`) VALUES (317, 'Los doce césares', 'Histórica');
INSERT INTO `OBRA` (`COD_OB`, `TITULO`, `TEMATICA`) VALUES (318, 'De parte de la princesa muerta', 'Histórica');
INSERT INTO `OBRA` (`COD_OB`, `TITULO`, `TEMATICA`) VALUES (319, 'Claudio el dios y su esposa Mesalina', 'Histórica');
INSERT INTO `OBRA` (`COD_OB`, `TITULO`, `TEMATICA`) VALUES (320, 'León el Africano', 'Histórica');
INSERT INTO `OBRA` (`COD_OB`, `TITULO`, `TEMATICA`) VALUES (321, 'Samarcanda', 'Histórica');
INSERT INTO `OBRA` (`COD_OB`, `TITULO`, `TEMATICA`) VALUES (322, 'La roca de Tanios', 'Histórica');
INSERT INTO `OBRA` (`COD_OB`, `TITULO`, `TEMATICA`) VALUES (330, 'Un amor imposible', 'Cuento');
INSERT INTO `OBRA` (`COD_OB`, `TITULO`, `TEMATICA`) VALUES (344, 'La chica de abajo', 'Cuento');
INSERT INTO `OBRA` (`COD_OB`, `TITULO`, `TEMATICA`) VALUES (345, 'La metamorfosis', NULL);
INSERT INTO `OBRA` (`COD_OB`, `TITULO`, `TEMATICA`) VALUES (346, 'El gran desafío de los Polos', 'Viajes');
INSERT INTO `OBRA` (`COD_OB`, `TITULO`, `TEMATICA`) VALUES (347, 'Entre visillos', 'Novela');
INSERT INTO `OBRA` (`COD_OB`, `TITULO`, `TEMATICA`) VALUES (348, 'Usos amorosos de la postguerra española', 'Novela');
INSERT INTO `OBRA` (`COD_OB`, `TITULO`, `TEMATICA`) VALUES (350, 'Nubosidad variable', 'Novela');
INSERT INTO `OBRA` (`COD_OB`, `TITULO`, `TEMATICA`) VALUES (351, 'Lo raro es vivir', 'Novela');
INSERT INTO `OBRA` (`COD_OB`, `TITULO`, `TEMATICA`) VALUES (352, 'La reina de las nieves', 'Novela');
INSERT INTO `OBRA` (`COD_OB`, `TITULO`, `TEMATICA`) VALUES (353, 'El hombre sentimental', 'Novela');
INSERT INTO `OBRA` (`COD_OB`, `TITULO`, `TEMATICA`) VALUES (354, 'Todas las almas', 'Novela');
INSERT INTO `OBRA` (`COD_OB`, `TITULO`, `TEMATICA`) VALUES (355, 'Corazón tan blanco', 'Novela');
INSERT INTO `OBRA` (`COD_OB`, `TITULO`, `TEMATICA`) VALUES (356, 'Mañana en la batalla piensa en mí', 'Novela');
INSERT INTO `OBRA` (`COD_OB`, `TITULO`, `TEMATICA`) VALUES (357, 'El palomo cojo', 'Novela');
INSERT INTO `OBRA` (`COD_OB`, `TITULO`, `TEMATICA`) VALUES (358, 'La gangrena', 'Novela');
INSERT INTO `OBRA` (`COD_OB`, `TITULO`, `TEMATICA`) VALUES (359, 'La pasión turca', 'Novela');
INSERT INTO `OBRA` (`COD_OB`, `TITULO`, `TEMATICA`) VALUES (360, 'La hierba roja', 'Novela');
INSERT INTO `OBRA` (`COD_OB`, `TITULO`, `TEMATICA`) VALUES (361, 'Con las mujeres no hay quien pueda', 'Novela');
INSERT INTO `OBRA` (`COD_OB`, `TITULO`, `TEMATICA`) VALUES (362, 'Que se mueran los feos', 'Novela');
INSERT INTO `OBRA` (`COD_OB`, `TITULO`, `TEMATICA`) VALUES (363, 'Escupiré sobre vuestras tumbas', 'Novela');
INSERT INTO `OBRA` (`COD_OB`, `TITULO`, `TEMATICA`) VALUES (364, 'El lobo hombre', 'Cuento');
INSERT INTO `OBRA` (`COD_OB`, `TITULO`, `TEMATICA`) VALUES (365, 'Réquiem por un campesino español', 'Novela');
INSERT INTO `OBRA` (`COD_OB`, `TITULO`, `TEMATICA`) VALUES (366, 'La tesis de Nancy', 'Novela');
INSERT INTO `OBRA` (`COD_OB`, `TITULO`, `TEMATICA`) VALUES (367, 'La Regenta', 'Novela');
INSERT INTO `OBRA` (`COD_OB`, `TITULO`, `TEMATICA`) VALUES (368, 'Nada', 'Novela');
INSERT INTO `OBRA` (`COD_OB`, `TITULO`, `TEMATICA`) VALUES (369, 'Caballeros de fortuna', 'Novela');
INSERT INTO `OBRA` (`COD_OB`, `TITULO`, `TEMATICA`) VALUES (370, 'Aves de paso', 'Novela');
INSERT INTO `OBRA` (`COD_OB`, `TITULO`, `TEMATICA`) VALUES (371, 'El silencio de las sirenas', 'Novela');
INSERT INTO `OBRA` (`COD_OB`, `TITULO`, `TEMATICA`) VALUES (372, 'La soledad era esto', 'Novela');
INSERT INTO `OBRA` (`COD_OB`, `TITULO`, `TEMATICA`) VALUES (373, 'Letra muerta', 'Novela');
INSERT INTO `OBRA` (`COD_OB`, `TITULO`, `TEMATICA`) VALUES (374, 'El desorden de tu nombre', 'Novela');
INSERT INTO `OBRA` (`COD_OB`, `TITULO`, `TEMATICA`) VALUES (375, 'La soledad del manager', 'Negra');
INSERT INTO `OBRA` (`COD_OB`, `TITULO`, `TEMATICA`) VALUES (376, 'Galíndez', 'Novela');
INSERT INTO `OBRA` (`COD_OB`, `TITULO`, `TEMATICA`) VALUES (377, 'Extramuros', 'Novela');
INSERT INTO `OBRA` (`COD_OB`, `TITULO`, `TEMATICA`) VALUES (378, 'Señorear la tierra', 'Novela');
INSERT INTO `OBRA` (`COD_OB`, `TITULO`, `TEMATICA`) VALUES (379, 'El maestro de esgrima', 'Novela');
INSERT INTO `OBRA` (`COD_OB`, `TITULO`, `TEMATICA`) VALUES (380, 'El club Dumas', 'Negra');
INSERT INTO `OBRA` (`COD_OB`, `TITULO`, `TEMATICA`) VALUES (381, 'La lágrima de Atenea', 'Novela');
INSERT INTO `OBRA` (`COD_OB`, `TITULO`, `TEMATICA`) VALUES (382, 'Cinco horas con Mario', 'Novela');
INSERT INTO `OBRA` (`COD_OB`, `TITULO`, `TEMATICA`) VALUES (383, 'Los santos inocentes', 'Novela');
INSERT INTO `OBRA` (`COD_OB`, `TITULO`, `TEMATICA`) VALUES (384, 'Las novelas de Urbano y Simona', 'Novela');
INSERT INTO `OBRA` (`COD_OB`, `TITULO`, `TEMATICA`) VALUES (385, 'Antología Asturiana', 'Novela');
INSERT INTO `OBRA` (`COD_OB`, `TITULO`, `TEMATICA`) VALUES (386, 'Poesías completas', 'Poesía');
INSERT INTO `OBRA` (`COD_OB`, `TITULO`, `TEMATICA`) VALUES (387, 'Mazurca para dos muertos', 'Novela');
INSERT INTO `OBRA` (`COD_OB`, `TITULO`, `TEMATICA`) VALUES (389, 'El burdel de Lord Byron', 'Novela');
INSERT INTO `OBRA` (`COD_OB`, `TITULO`, `TEMATICA`) VALUES (390, 'Quizá nos lleve el viento al infinito', 'Novela');
INSERT INTO `OBRA` (`COD_OB`, `TITULO`, `TEMATICA`) VALUES (391, 'Campos de Níjar', 'Viajes');
INSERT INTO `OBRA` (`COD_OB`, `TITULO`, `TEMATICA`) VALUES (392, 'Todos mienten', 'Novela');
INSERT INTO `OBRA` (`COD_OB`, `TITULO`, `TEMATICA`) VALUES (394, 'Un día de libertad', 'Cuento');
INSERT INTO `OBRA` (`COD_OB`, `TITULO`, `TEMATICA`) VALUES (395, 'La sonrisa etrusca', 'Novela');
INSERT INTO `OBRA` (`COD_OB`, `TITULO`, `TEMATICA`) VALUES (396, 'La historia del silencio', 'Novela');
INSERT INTO `OBRA` (`COD_OB`, `TITULO`, `TEMATICA`) VALUES (397, 'Mujeres de negro', 'Novela');
INSERT INTO `OBRA` (`COD_OB`, `TITULO`, `TEMATICA`) VALUES (398, 'Opium', 'Novela');
INSERT INTO `OBRA` (`COD_OB`, `TITULO`, `TEMATICA`) VALUES (399, 'La invención de Morel', NULL);
INSERT INTO `OBRA` (`COD_OB`, `TITULO`, `TEMATICA`) VALUES (400, 'Los aéreos', 'Novela');
INSERT INTO `OBRA` (`COD_OB`, `TITULO`, `TEMATICA`) VALUES (401, 'La dama del viento del sur', 'Novela');
INSERT INTO `OBRA` (`COD_OB`, `TITULO`, `TEMATICA`) VALUES (402, 'Los amores secretos', 'Novela');
INSERT INTO `OBRA` (`COD_OB`, `TITULO`, `TEMATICA`) VALUES (403, 'Obabakoak', 'Novela');
INSERT INTO `OBRA` (`COD_OB`, `TITULO`, `TEMATICA`) VALUES (404, 'Olas sobre una roca desierta', 'Novela');
INSERT INTO `OBRA` (`COD_OB`, `TITULO`, `TEMATICA`) VALUES (405, 'El viejo y el mar', 'Novela');
INSERT INTO `OBRA` (`COD_OB`, `TITULO`, `TEMATICA`) VALUES (406, 'El perfume', 'Novela');
INSERT INTO `OBRA` (`COD_OB`, `TITULO`, `TEMATICA`) VALUES (407, 'El imperio del sol', 'Novela');
INSERT INTO `OBRA` (`COD_OB`, `TITULO`, `TEMATICA`) VALUES (408, 'Las cabezas trocadas', 'Novela');
INSERT INTO `OBRA` (`COD_OB`, `TITULO`, `TEMATICA`) VALUES (409, 'Señor y perro', 'Novela');
INSERT INTO `OBRA` (`COD_OB`, `TITULO`, `TEMATICA`) VALUES (410, 'Tonio Kröger', 'Novela');
INSERT INTO `OBRA` (`COD_OB`, `TITULO`, `TEMATICA`) VALUES (411, 'La muerte en Venecia', 'Novela');
INSERT INTO `OBRA` (`COD_OB`, `TITULO`, `TEMATICA`) VALUES (412, 'Mario y el mago', 'Novela');
INSERT INTO `OBRA` (`COD_OB`, `TITULO`, `TEMATICA`) VALUES (413, 'Tomates verdes fritos en el café de Whistle Stop', 'Novela');
INSERT INTO `OBRA` (`COD_OB`, `TITULO`, `TEMATICA`) VALUES (414, 'Santuario', 'Novela');
INSERT INTO `OBRA` (`COD_OB`, `TITULO`, `TEMATICA`) VALUES (415, 'Los poemas malditos del obispo Casaldáliga', NULL);
INSERT INTO `OBRA` (`COD_OB`, `TITULO`, `TEMATICA`) VALUES (416, 'La muerte que da sentido a mi credo', NULL);
INSERT INTO `OBRA` (`COD_OB`, `TITULO`, `TEMATICA`) VALUES (417, 'Filosofía de la Ciencia Natural', 'Filosofía');
INSERT INTO `OBRA` (`COD_OB`, `TITULO`, `TEMATICA`) VALUES (418, 'El extranjero', 'Novela');
INSERT INTO `OBRA` (`COD_OB`, `TITULO`, `TEMATICA`) VALUES (419, 'Bosquejo de una teoría de las emociones', 'Filosofía');
INSERT INTO `OBRA` (`COD_OB`, `TITULO`, `TEMATICA`) VALUES (420, 'Reflexiones o sentencias y Máximas morales', NULL);
INSERT INTO `OBRA` (`COD_OB`, `TITULO`, `TEMATICA`) VALUES (421, 'El Principito', 'Cuento');
INSERT INTO `OBRA` (`COD_OB`, `TITULO`, `TEMATICA`) VALUES (422, 'Utopía', 'Filosofía');
INSERT INTO `OBRA` (`COD_OB`, `TITULO`, `TEMATICA`) VALUES (423, 'Frida Kahlo', 'Biografía');
INSERT INTO `OBRA` (`COD_OB`, `TITULO`, `TEMATICA`) VALUES (424, 'Un duro invierno', 'Novela');
INSERT INTO `OBRA` (`COD_OB`, `TITULO`, `TEMATICA`) VALUES (425, 'El nombre de la rosa', 'Novela');
INSERT INTO `OBRA` (`COD_OB`, `TITULO`, `TEMATICA`) VALUES (426, 'El libro de la risa y el olvido', 'Novela');
INSERT INTO `OBRA` (`COD_OB`, `TITULO`, `TEMATICA`) VALUES (427, 'El amante', 'Novela');
INSERT INTO `OBRA` (`COD_OB`, `TITULO`, `TEMATICA`) VALUES (428, 'Ana, soror…', 'Novela');
INSERT INTO `OBRA` (`COD_OB`, `TITULO`, `TEMATICA`) VALUES (429, 'Opus nigrum', 'Novela');
INSERT INTO `OBRA` (`COD_OB`, `TITULO`, `TEMATICA`) VALUES (430, 'La historia de San Michele', 'Novela');
INSERT INTO `OBRA` (`COD_OB`, `TITULO`, `TEMATICA`) VALUES (431, 'Cuentos de Canterbury', 'Cuento');
INSERT INTO `OBRA` (`COD_OB`, `TITULO`, `TEMATICA`) VALUES (432, 'Otra vuelta de tuerca', 'Juvenil');
INSERT INTO `OBRA` (`COD_OB`, `TITULO`, `TEMATICA`) VALUES (433, 'El hombre que era jueves', 'Novela');
INSERT INTO `OBRA` (`COD_OB`, `TITULO`, `TEMATICA`) VALUES (434, 'El candor del Padre Brown', 'Negra');
INSERT INTO `OBRA` (`COD_OB`, `TITULO`, `TEMATICA`) VALUES (435, 'El fantasma de Canterville', 'Juvenil');
INSERT INTO `OBRA` (`COD_OB`, `TITULO`, `TEMATICA`) VALUES (436, 'El asesinato de Papá Noel', 'Juvenil');
INSERT INTO `OBRA` (`COD_OB`, `TITULO`, `TEMATICA`) VALUES (437, 'Amor a la vida', 'Cuento');
INSERT INTO `OBRA` (`COD_OB`, `TITULO`, `TEMATICA`) VALUES (438, 'Una odisea nórdica', 'Cuento');
INSERT INTO `OBRA` (`COD_OB`, `TITULO`, `TEMATICA`) VALUES (439, 'El pagano', 'Cuento');
INSERT INTO `OBRA` (`COD_OB`, `TITULO`, `TEMATICA`) VALUES (440, 'Ley de vida', 'Cuento');
INSERT INTO `OBRA` (`COD_OB`, `TITULO`, `TEMATICA`) VALUES (441, 'El burlado', 'Cuento');
INSERT INTO `OBRA` (`COD_OB`, `TITULO`, `TEMATICA`) VALUES (442, 'El fuego de la hoguera', 'Cuento');
INSERT INTO `OBRA` (`COD_OB`, `TITULO`, `TEMATICA`) VALUES (443, 'Por un bistec', 'Cuento');
INSERT INTO `OBRA` (`COD_OB`, `TITULO`, `TEMATICA`) VALUES (444, 'El silencio blanco', 'Cuento');
INSERT INTO `OBRA` (`COD_OB`, `TITULO`, `TEMATICA`) VALUES (445, 'La casa de Mapuhi', 'Cuento');
INSERT INTO `OBRA` (`COD_OB`, `TITULO`, `TEMATICA`) VALUES (446, 'El ingenio de Porportuk', 'Cuento');
INSERT INTO `OBRA` (`COD_OB`, `TITULO`, `TEMATICA`) VALUES (447, 'La historia de Keesh', 'Cuento');
INSERT INTO `OBRA` (`COD_OB`, `TITULO`, `TEMATICA`) VALUES (448, 'Stalky & CO.', 'Juvenil');
INSERT INTO `OBRA` (`COD_OB`, `TITULO`, `TEMATICA`) VALUES (449, 'Capitanes intrépidos', 'Juvenil');
INSERT INTO `OBRA` (`COD_OB`, `TITULO`, `TEMATICA`) VALUES (450, 'Alí Baba y los cuarenta ladrones', 'Cuento');
INSERT INTO `OBRA` (`COD_OB`, `TITULO`, `TEMATICA`) VALUES (451, 'El espíritu de los hielos', 'Cuento');
INSERT INTO `OBRA` (`COD_OB`, `TITULO`, `TEMATICA`) VALUES (452, 'La leyenda de los Nibelungos', 'Cuento');
INSERT INTO `OBRA` (`COD_OB`, `TITULO`, `TEMATICA`) VALUES (453, 'Los amotinados de la \"Bounty\"', 'Juvenil');
INSERT INTO `OBRA` (`COD_OB`, `TITULO`, `TEMATICA`) VALUES (454, 'Primer amor', 'Juvenil');
INSERT INTO `OBRA` (`COD_OB`, `TITULO`, `TEMATICA`) VALUES (455, 'Humo', 'Juvenil');
INSERT INTO `OBRA` (`COD_OB`, `TITULO`, `TEMATICA`) VALUES (456, 'La hija del capitán', 'Juvenil');
INSERT INTO `OBRA` (`COD_OB`, `TITULO`, `TEMATICA`) VALUES (457, 'Verano del 42', 'Novela');
INSERT INTO `OBRA` (`COD_OB`, `TITULO`, `TEMATICA`) VALUES (458, 'El Club de la Buena Estrella', 'Novela');
INSERT INTO `OBRA` (`COD_OB`, `TITULO`, `TEMATICA`) VALUES (459, 'Diario de las estrellas II. Viajes y memorias', NULL);
INSERT INTO `OBRA` (`COD_OB`, `TITULO`, `TEMATICA`) VALUES (460, 'Estrella polar', 'Novela');
INSERT INTO `OBRA` (`COD_OB`, `TITULO`, `TEMATICA`) VALUES (461, 'Wilt', 'Novela');
INSERT INTO `OBRA` (`COD_OB`, `TITULO`, `TEMATICA`) VALUES (462, 'Daddy', 'Novela');
INSERT INTO `OBRA` (`COD_OB`, `TITULO`, `TEMATICA`) VALUES (463, 'Lo que el viento de llevó', 'Novela');
INSERT INTO `OBRA` (`COD_OB`, `TITULO`, `TEMATICA`) VALUES (464, 'Cumbres borrascosas', 'Novela');
INSERT INTO `OBRA` (`COD_OB`, `TITULO`, `TEMATICA`) VALUES (465, 'Mujeres enamoradas', 'Novela');
INSERT INTO `OBRA` (`COD_OB`, `TITULO`, `TEMATICA`) VALUES (466, 'El amante de Lady Chatterly', 'Novela');
INSERT INTO `OBRA` (`COD_OB`, `TITULO`, `TEMATICA`) VALUES (467, 'Pigmalión', 'Novela');
INSERT INTO `OBRA` (`COD_OB`, `TITULO`, `TEMATICA`) VALUES (468, 'El doctor Jivago', 'Novela');
INSERT INTO `OBRA` (`COD_OB`, `TITULO`, `TEMATICA`) VALUES (469, 'Amor sin barreras', 'Novela');
INSERT INTO `OBRA` (`COD_OB`, `TITULO`, `TEMATICA`) VALUES (470, 'Berenice', 'Misterio');
INSERT INTO `OBRA` (`COD_OB`, `TITULO`, `TEMATICA`) VALUES (471, 'Morelia', 'Misterio');
INSERT INTO `OBRA` (`COD_OB`, `TITULO`, `TEMATICA`) VALUES (472, 'Lady Ligeia', 'Misterio');
INSERT INTO `OBRA` (`COD_OB`, `TITULO`, `TEMATICA`) VALUES (473, 'La caída de la casa Usher', 'Misterio');
INSERT INTO `OBRA` (`COD_OB`, `TITULO`, `TEMATICA`) VALUES (474, 'William Wilson', 'Misterio');
INSERT INTO `OBRA` (`COD_OB`, `TITULO`, `TEMATICA`) VALUES (475, 'El misterio de María Roget', 'Misterio');
INSERT INTO `OBRA` (`COD_OB`, `TITULO`, `TEMATICA`) VALUES (476, 'Descenso dentro del Maelstrom', 'Misterio');
INSERT INTO `OBRA` (`COD_OB`, `TITULO`, `TEMATICA`) VALUES (477, 'el escarabajo de oro', 'Misterio');
INSERT INTO `OBRA` (`COD_OB`, `TITULO`, `TEMATICA`) VALUES (478, 'La barricada de amontillado', 'Misterio');
INSERT INTO `OBRA` (`COD_OB`, `TITULO`, `TEMATICA`) VALUES (479, 'El enterramiento prematuro', 'Misterio');
INSERT INTO `OBRA` (`COD_OB`, `TITULO`, `TEMATICA`) VALUES (480, 'El hombre entre la multitud', 'Misterio');
INSERT INTO `OBRA` (`COD_OB`, `TITULO`, `TEMATICA`) VALUES (481, 'El demonio de la perversidad', 'Misterio');
INSERT INTO `OBRA` (`COD_OB`, `TITULO`, `TEMATICA`) VALUES (482, 'El corazón delator', 'Misterio');
INSERT INTO `OBRA` (`COD_OB`, `TITULO`, `TEMATICA`) VALUES (483, 'El pozo y el péndulo', 'Misterio');
INSERT INTO `OBRA` (`COD_OB`, `TITULO`, `TEMATICA`) VALUES (484, 'La máscara de la muerte roja', 'Misterio');
INSERT INTO `OBRA` (`COD_OB`, `TITULO`, `TEMATICA`) VALUES (485, 'El rey Peste', 'Misterio');
INSERT INTO `OBRA` (`COD_OB`, `TITULO`, `TEMATICA`) VALUES (486, 'Conversación con una momia', 'Misterio');
INSERT INTO `OBRA` (`COD_OB`, `TITULO`, `TEMATICA`) VALUES (487, 'Sombra', 'Misterio');
INSERT INTO `OBRA` (`COD_OB`, `TITULO`, `TEMATICA`) VALUES (488, 'Silencio', 'Misterio');
INSERT INTO `OBRA` (`COD_OB`, `TITULO`, `TEMATICA`) VALUES (489, 'El retrato oval', 'Misterio');
INSERT INTO `OBRA` (`COD_OB`, `TITULO`, `TEMATICA`) VALUES (490, 'Eleonora', 'Misterio');
INSERT INTO `OBRA` (`COD_OB`, `TITULO`, `TEMATICA`) VALUES (491, 'Manuscritos hallados en una botella', 'Misterio');
INSERT INTO `OBRA` (`COD_OB`, `TITULO`, `TEMATICA`) VALUES (492, 'Metzengerstein', 'Misterio');
INSERT INTO `OBRA` (`COD_OB`, `TITULO`, `TEMATICA`) VALUES (493, 'Los anteojos', 'Misterio');
INSERT INTO `OBRA` (`COD_OB`, `TITULO`, `TEMATICA`) VALUES (494, 'Una historia de las montañas de Raggued', 'Misterio');
INSERT INTO `OBRA` (`COD_OB`, `TITULO`, `TEMATICA`) VALUES (495, 'El caso del señor Valdemar', 'Misterio');
INSERT INTO `OBRA` (`COD_OB`, `TITULO`, `TEMATICA`) VALUES (496, 'La cita', 'Misterio');
INSERT INTO `OBRA` (`COD_OB`, `TITULO`, `TEMATICA`) VALUES (497, 'El cajón oblongo', 'Misterio');
INSERT INTO `OBRA` (`COD_OB`, `TITULO`, `TEMATICA`) VALUES (498, 'La esfinge de la calavera', 'Misterio');
INSERT INTO `OBRA` (`COD_OB`, `TITULO`, `TEMATICA`) VALUES (499, 'El gato negro', 'Misterio');
INSERT INTO `OBRA` (`COD_OB`, `TITULO`, `TEMATICA`) VALUES (500, 'El cuervo', 'Poesía');
INSERT INTO `OBRA` (`COD_OB`, `TITULO`, `TEMATICA`) VALUES (501, 'A Helena', 'Poesía');
INSERT INTO `OBRA` (`COD_OB`, `TITULO`, `TEMATICA`) VALUES (502, 'A… …', 'Poesía');
INSERT INTO `OBRA` (`COD_OB`, `TITULO`, `TEMATICA`) VALUES (503, 'Anabel Lee', 'Poesía');
INSERT INTO `OBRA` (`COD_OB`, `TITULO`, `TEMATICA`) VALUES (504, 'Lo infinitamente pequeño', 'Artículo');
INSERT INTO `OBRA` (`COD_OB`, `TITULO`, `TEMATICA`) VALUES (505, 'Nuestra autóctona manera de ser', 'Artículo');
INSERT INTO `OBRA` (`COD_OB`, `TITULO`, `TEMATICA`) VALUES (506, 'Por favor: menos ruido', 'Artículo');
INSERT INTO `OBRA` (`COD_OB`, `TITULO`, `TEMATICA`) VALUES (507, 'Sobre el porqué los niños destruyen los juguetes', 'Artículo');
INSERT INTO `OBRA` (`COD_OB`, `TITULO`, `TEMATICA`) VALUES (508, 'Vida opaca en verano', 'Artículo');
INSERT INTO `OBRA` (`COD_OB`, `TITULO`, `TEMATICA`) VALUES (509, 'El resfriado anual', 'Artículo');
INSERT INTO `OBRA` (`COD_OB`, `TITULO`, `TEMATICA`) VALUES (510, 'La lucha contra el frío', 'Artículo');
INSERT INTO `OBRA` (`COD_OB`, `TITULO`, `TEMATICA`) VALUES (511, 'Los panteones', 'Artículo');
INSERT INTO `OBRA` (`COD_OB`, `TITULO`, `TEMATICA`) VALUES (512, 'La ilusión del cine', 'Artículo');
INSERT INTO `OBRA` (`COD_OB`, `TITULO`, `TEMATICA`) VALUES (513, 'Sobre el peinado femenino', 'Artículo');
INSERT INTO `OBRA` (`COD_OB`, `TITULO`, `TEMATICA`) VALUES (514, 'Sobre la calvicie y su peinado', 'Artículo');
INSERT INTO `OBRA` (`COD_OB`, `TITULO`, `TEMATICA`) VALUES (515, 'El centenario del sombrero de hongo, un pequeño ensayo', 'Artículo');
INSERT INTO `OBRA` (`COD_OB`, `TITULO`, `TEMATICA`) VALUES (516, 'Consideraciones sobre lo que se ha llevado en la cabeza', 'Artículo');
INSERT INTO `OBRA` (`COD_OB`, `TITULO`, `TEMATICA`) VALUES (517, 'Elegía del papel', 'Artículo');
INSERT INTO `OBRA` (`COD_OB`, `TITULO`, `TEMATICA`) VALUES (518, 'Baile veraniego', 'Artículo');
INSERT INTO `OBRA` (`COD_OB`, `TITULO`, `TEMATICA`) VALUES (519, 'El lenguaje de la sociedad', 'Artículo');
INSERT INTO `OBRA` (`COD_OB`, `TITULO`, `TEMATICA`) VALUES (520, 'San Antonio de los burros', 'Artículo');
INSERT INTO `OBRA` (`COD_OB`, `TITULO`, `TEMATICA`) VALUES (521, 'Grabado anacrónico', 'Artículo');
INSERT INTO `OBRA` (`COD_OB`, `TITULO`, `TEMATICA`) VALUES (522, 'Moscas y golondrinas', 'Artículo');
INSERT INTO `OBRA` (`COD_OB`, `TITULO`, `TEMATICA`) VALUES (523, 'Mimosas, grillos, guisantes', 'Artículo');
INSERT INTO `OBRA` (`COD_OB`, `TITULO`, `TEMATICA`) VALUES (524, 'La trastienda de los ojos', 'Cuento');
INSERT INTO `OBRA` (`COD_OB`, `TITULO`, `TEMATICA`) VALUES (525, 'La cocina de mi país', 'Artículo');
INSERT INTO `OBRA` (`COD_OB`, `TITULO`, `TEMATICA`) VALUES (526, 'Sobre la paella valenciana', 'Artículo');
INSERT INTO `OBRA` (`COD_OB`, `TITULO`, `TEMATICA`) VALUES (527, 'Sobre el pernil', 'Artículo');
INSERT INTO `OBRA` (`COD_OB`, `TITULO`, `TEMATICA`) VALUES (528, 'Sobre el bacalao', 'Artículo');
INSERT INTO `OBRA` (`COD_OB`, `TITULO`, `TEMATICA`) VALUES (529, '¡Adiós perdices…!', 'Artículo');
INSERT INTO `OBRA` (`COD_OB`, `TITULO`, `TEMATICA`) VALUES (530, 'Educación de los niños modernos', 'Artículo');
INSERT INTO `OBRA` (`COD_OB`, `TITULO`, `TEMATICA`) VALUES (531, 'Falta aprendiz', 'Artículo');
INSERT INTO `OBRA` (`COD_OB`, `TITULO`, `TEMATICA`) VALUES (532, 'El automóvil', 'Artículo');
INSERT INTO `OBRA` (`COD_OB`, `TITULO`, `TEMATICA`) VALUES (533, 'Hacia la falda corta', 'Artículo');
INSERT INTO `OBRA` (`COD_OB`, `TITULO`, `TEMATICA`) VALUES (534, 'El fútbol de los presentes días', 'Artículo');
INSERT INTO `OBRA` (`COD_OB`, `TITULO`, `TEMATICA`) VALUES (535, 'Las recomendaciones', 'Artículo');
INSERT INTO `OBRA` (`COD_OB`, `TITULO`, `TEMATICA`) VALUES (536, 'La multicolocación', 'Artículo');
INSERT INTO `OBRA` (`COD_OB`, `TITULO`, `TEMATICA`) VALUES (537, 'La luna de enero', 'Artículo');
INSERT INTO `OBRA` (`COD_OB`, `TITULO`, `TEMATICA`) VALUES (538, 'Primavera: las fuentes', 'Artículo');
INSERT INTO `OBRA` (`COD_OB`, `TITULO`, `TEMATICA`) VALUES (539, 'El olor de la Cuaresma', 'Artículo');
INSERT INTO `OBRA` (`COD_OB`, `TITULO`, `TEMATICA`) VALUES (540, 'El espíritu de la pesca', 'Artículo');
INSERT INTO `OBRA` (`COD_OB`, `TITULO`, `TEMATICA`) VALUES (541, 'El veraneo que se practica', 'Artículo');
INSERT INTO `OBRA` (`COD_OB`, `TITULO`, `TEMATICA`) VALUES (542, 'Canícula en el mar', 'Artículo');
INSERT INTO `OBRA` (`COD_OB`, `TITULO`, `TEMATICA`) VALUES (543, 'Sobre el mar', 'Artículo');
INSERT INTO `OBRA` (`COD_OB`, `TITULO`, `TEMATICA`) VALUES (544, 'Tarde de domingo', 'Artículo');
INSERT INTO `OBRA` (`COD_OB`, `TITULO`, `TEMATICA`) VALUES (545, 'A los balnearios les falta energía', 'Artículo');
INSERT INTO `OBRA` (`COD_OB`, `TITULO`, `TEMATICA`) VALUES (546, 'Sobre la lluvia, la bruma, etcétera', 'Artículo');
INSERT INTO `OBRA` (`COD_OB`, `TITULO`, `TEMATICA`) VALUES (547, 'En la Ópera', 'Artículo');
INSERT INTO `OBRA` (`COD_OB`, `TITULO`, `TEMATICA`) VALUES (548, 'Mi entrada en la felicidad', 'Artículo');
INSERT INTO `OBRA` (`COD_OB`, `TITULO`, `TEMATICA`) VALUES (549, 'Buen viaje, señor presidente', 'Cuento');
INSERT INTO `OBRA` (`COD_OB`, `TITULO`, `TEMATICA`) VALUES (550, 'La santa', 'Cuento');
INSERT INTO `OBRA` (`COD_OB`, `TITULO`, `TEMATICA`) VALUES (551, 'El avión de la bella durmiente', 'Cuento');
INSERT INTO `OBRA` (`COD_OB`, `TITULO`, `TEMATICA`) VALUES (552, 'Me alquilo para soñar', 'Cuento');
INSERT INTO `OBRA` (`COD_OB`, `TITULO`, `TEMATICA`) VALUES (553, 'Sólo vine para hablar por teléfono', 'Cuento');
INSERT INTO `OBRA` (`COD_OB`, `TITULO`, `TEMATICA`) VALUES (554, 'Espantos de agosto', 'Cuento');
INSERT INTO `OBRA` (`COD_OB`, `TITULO`, `TEMATICA`) VALUES (555, 'María dos Prezeres', 'Cuento');
INSERT INTO `OBRA` (`COD_OB`, `TITULO`, `TEMATICA`) VALUES (556, 'Diecisiete ingleses envenenados', 'Cuento');
INSERT INTO `OBRA` (`COD_OB`, `TITULO`, `TEMATICA`) VALUES (557, 'Tramontana', 'Cuento');
INSERT INTO `OBRA` (`COD_OB`, `TITULO`, `TEMATICA`) VALUES (558, 'El verano feliz de la señora Forbes', 'Cuento');
INSERT INTO `OBRA` (`COD_OB`, `TITULO`, `TEMATICA`) VALUES (559, 'La luz es como el agua', 'Cuento');
INSERT INTO `OBRA` (`COD_OB`, `TITULO`, `TEMATICA`) VALUES (560, 'El rastro de tu sangre en la nieve', 'Cuento');
INSERT INTO `OBRA` (`COD_OB`, `TITULO`, `TEMATICA`) VALUES (561, 'La increíble y  triste historia de la cándida Eréndida y su abuela desalmada', 'Cuento');
INSERT INTO `OBRA` (`COD_OB`, `TITULO`, `TEMATICA`) VALUES (562, 'Un señor muy viejo con una alas enormes', 'Cuento');
INSERT INTO `OBRA` (`COD_OB`, `TITULO`, `TEMATICA`) VALUES (563, 'El mar del tiempo perdido', 'Cuento');
INSERT INTO `OBRA` (`COD_OB`, `TITULO`, `TEMATICA`) VALUES (564, 'El ahogado más hermoso del mundo', 'Cuento');
INSERT INTO `OBRA` (`COD_OB`, `TITULO`, `TEMATICA`) VALUES (565, 'Muerte constante más allá del amor', 'Cuento');
INSERT INTO `OBRA` (`COD_OB`, `TITULO`, `TEMATICA`) VALUES (566, 'El último viaje del buque fantasma', 'Cuento');
INSERT INTO `OBRA` (`COD_OB`, `TITULO`, `TEMATICA`) VALUES (567, 'Blacamán el bueno, vendedor de milagros', 'Cuento');
INSERT INTO `OBRA` (`COD_OB`, `TITULO`, `TEMATICA`) VALUES (568, 'Silencio por favor', 'Cuento');
INSERT INTO `OBRA` (`COD_OB`, `TITULO`, `TEMATICA`) VALUES (569, 'Caza mayor', 'Cuento');
INSERT INTO `OBRA` (`COD_OB`, `TITULO`, `TEMATICA`) VALUES (570, 'Patente en trámite', 'Cuento');
INSERT INTO `OBRA` (`COD_OB`, `TITULO`, `TEMATICA`) VALUES (571, 'Carrera de armamentos', 'Cuento');
INSERT INTO `OBRA` (`COD_OB`, `TITULO`, `TEMATICA`) VALUES (572, 'Masa crítica', 'Cuento');
INSERT INTO `OBRA` (`COD_OB`, `TITULO`, `TEMATICA`) VALUES (573, 'La melodía ideal', 'Cuento');
INSERT INTO `OBRA` (`COD_OB`, `TITULO`, `TEMATICA`) VALUES (574, 'El pacifista', 'Cuento');
INSERT INTO `OBRA` (`COD_OB`, `TITULO`, `TEMATICA`) VALUES (575, 'Los próximos inquilinos', 'Cuento');
INSERT INTO `OBRA` (`COD_OB`, `TITULO`, `TEMATICA`) VALUES (576, 'Espíritu inquieto', 'Cuento');
INSERT INTO `OBRA` (`COD_OB`, `TITULO`, `TEMATICA`) VALUES (577, 'El hombre que aró el mar', 'Cuento');
INSERT INTO `OBRA` (`COD_OB`, `TITULO`, `TEMATICA`) VALUES (578, 'La orquídea indecisa', 'Cuento');
INSERT INTO `OBRA` (`COD_OB`, `TITULO`, `TEMATICA`) VALUES (579, 'Guerra fría', 'Cuento');
INSERT INTO `OBRA` (`COD_OB`, `TITULO`, `TEMATICA`) VALUES (580, 'Un asunto de gravedad', 'Cuento');
INSERT INTO `OBRA` (`COD_OB`, `TITULO`, `TEMATICA`) VALUES (581, 'El bello durmiente', 'Cuento');
INSERT INTO `OBRA` (`COD_OB`, `TITULO`, `TEMATICA`) VALUES (582, 'La defenestración de Ermintrude Inch', 'Cuento');
INSERT INTO `OBRA` (`COD_OB`, `TITULO`, `TEMATICA`) VALUES (583, 'Variaciones sobre un tema', 'Cuento');
INSERT INTO `OBRA` (`COD_OB`, `TITULO`, `TEMATICA`) VALUES (584, 'Tarde de tedio', 'Cuento');
INSERT INTO `OBRA` (`COD_OB`, `TITULO`, `TEMATICA`) VALUES (585, 'Retirada', 'Cuento');
INSERT INTO `OBRA` (`COD_OB`, `TITULO`, `TEMATICA`) VALUES (586, 'Las ataduras', 'Cuento');
INSERT INTO `OBRA` (`COD_OB`, `TITULO`, `TEMATICA`) VALUES (587, 'Tendrá que volver', 'Cuento');
INSERT INTO `OBRA` (`COD_OB`, `TITULO`, `TEMATICA`) VALUES (588, 'Un alto en el camino', 'Cuento');
INSERT INTO `OBRA` (`COD_OB`, `TITULO`, `TEMATICA`) VALUES (589, 'La tata', 'Cuento');
INSERT INTO `OBRA` (`COD_OB`, `TITULO`, `TEMATICA`) VALUES (590, 'Lo que queda enterrado', 'Cuento');
INSERT INTO `OBRA` (`COD_OB`, `TITULO`, `TEMATICA`) VALUES (591, 'La conciencia tranquila', 'Cuento');
INSERT INTO `OBRA` (`COD_OB`, `TITULO`, `TEMATICA`) VALUES (592, 'La mujer de cera', 'Cuento');
INSERT INTO `OBRA` (`COD_OB`, `TITULO`, `TEMATICA`) VALUES (593, 'Novelas antes de tiempo', 'Novela');
INSERT INTO `OBRA` (`COD_OB`, `TITULO`, `TEMATICA`) VALUES (594, 'El episodio del doctor Russi', 'Novela');
# 566 records

#
# Table structure for table 'PRESTAMO'
#

DROP TABLE IF EXISTS `PRESTAMO`;

CREATE TABLE `PRESTAMO` (
  `NUM` INTEGER NOT NULL, 
  `ID_LIB` VARCHAR(10) NOT NULL, 
  PRIMARY KEY (`NUM`, `ID_LIB`)
) ENGINE=maria DEFAULT CHARSET=utf8;

SET autocommit=1;

#
# Dumping data for table 'PRESTAMO'
#

INSERT INTO `PRESTAMO` (`NUM`, `ID_LIB`) VALUES (1, 'LIB-000347');
INSERT INTO `PRESTAMO` (`NUM`, `ID_LIB`) VALUES (1, 'LIB-000348');
INSERT INTO `PRESTAMO` (`NUM`, `ID_LIB`) VALUES (2, 'LIB-000448');
INSERT INTO `PRESTAMO` (`NUM`, `ID_LIB`) VALUES (2, 'LIB-000449');
INSERT INTO `PRESTAMO` (`NUM`, `ID_LIB`) VALUES (2, 'LIB-000194');
INSERT INTO `PRESTAMO` (`NUM`, `ID_LIB`) VALUES (4, 'LIB-000448');
INSERT INTO `PRESTAMO` (`NUM`, `ID_LIB`) VALUES (5, 'LIB-000360');
INSERT INTO `PRESTAMO` (`NUM`, `ID_LIB`) VALUES (5, 'LIB-000361');
INSERT INTO `PRESTAMO` (`NUM`, `ID_LIB`) VALUES (5, 'LIB-000362');
INSERT INTO `PRESTAMO` (`NUM`, `ID_LIB`) VALUES (5, 'LIB-000363');
INSERT INTO `PRESTAMO` (`NUM`, `ID_LIB`) VALUES (5, 'LIB-000364');
INSERT INTO `PRESTAMO` (`NUM`, `ID_LIB`) VALUES (2, 'LIB-000347');
INSERT INTO `PRESTAMO` (`NUM`, `ID_LIB`) VALUES (7, 'LIB-000347');
INSERT INTO `PRESTAMO` (`NUM`, `ID_LIB`) VALUES (7, 'LIB-000452');
INSERT INTO `PRESTAMO` (`NUM`, `ID_LIB`) VALUES (2, 'LIB-000320');
INSERT INTO `PRESTAMO` (`NUM`, `ID_LIB`) VALUES (2, 'LIB-000321');
INSERT INTO `PRESTAMO` (`NUM`, `ID_LIB`) VALUES (2, 'LIB-000322');
# 17 records

#
# Table structure for table 'TEMA'
#

DROP TABLE IF EXISTS `TEMA`;

CREATE TABLE `TEMA` (
  `TEMATICA` VARCHAR(20) NOT NULL, 
  `DESCRIPCION` VARCHAR(50), 
  PRIMARY KEY (`TEMATICA`)
) ENGINE=maria DEFAULT CHARSET=utf8;

SET autocommit=1;

#
# Dumping data for table 'TEMA'
#

INSERT INTO `TEMA` (`TEMATICA`, `DESCRIPCION`) VALUES ('Antropología', NULL);
INSERT INTO `TEMA` (`TEMATICA`, `DESCRIPCION`) VALUES ('Artículo', NULL);
INSERT INTO `TEMA` (`TEMATICA`, `DESCRIPCION`) VALUES ('Aventuras', NULL);
INSERT INTO `TEMA` (`TEMATICA`, `DESCRIPCION`) VALUES ('Biografía', NULL);
INSERT INTO `TEMA` (`TEMATICA`, `DESCRIPCION`) VALUES ('Ciencia Ficción', NULL);
INSERT INTO `TEMA` (`TEMATICA`, `DESCRIPCION`) VALUES ('Clásico', NULL);
INSERT INTO `TEMA` (`TEMATICA`, `DESCRIPCION`) VALUES ('Cocina', NULL);
INSERT INTO `TEMA` (`TEMATICA`, `DESCRIPCION`) VALUES ('Cuento', NULL);
INSERT INTO `TEMA` (`TEMATICA`, `DESCRIPCION`) VALUES ('Diccionario', NULL);
INSERT INTO `TEMA` (`TEMATICA`, `DESCRIPCION`) VALUES ('Ensayo', NULL);
INSERT INTO `TEMA` (`TEMATICA`, `DESCRIPCION`) VALUES ('Experiencias', NULL);
INSERT INTO `TEMA` (`TEMATICA`, `DESCRIPCION`) VALUES ('Filosofía', NULL);
INSERT INTO `TEMA` (`TEMATICA`, `DESCRIPCION`) VALUES ('Histórica', NULL);
INSERT INTO `TEMA` (`TEMATICA`, `DESCRIPCION`) VALUES ('Intriga', NULL);
INSERT INTO `TEMA` (`TEMATICA`, `DESCRIPCION`) VALUES ('Juvenil', NULL);
INSERT INTO `TEMA` (`TEMATICA`, `DESCRIPCION`) VALUES ('Lógica', NULL);
INSERT INTO `TEMA` (`TEMATICA`, `DESCRIPCION`) VALUES ('Misterio', NULL);
INSERT INTO `TEMA` (`TEMATICA`, `DESCRIPCION`) VALUES ('Mitología', NULL);
INSERT INTO `TEMA` (`TEMATICA`, `DESCRIPCION`) VALUES ('Negra', NULL);
INSERT INTO `TEMA` (`TEMATICA`, `DESCRIPCION`) VALUES ('Novela', NULL);
INSERT INTO `TEMA` (`TEMATICA`, `DESCRIPCION`) VALUES ('Poesía', NULL);
INSERT INTO `TEMA` (`TEMATICA`, `DESCRIPCION`) VALUES ('Teatro', NULL);
INSERT INTO `TEMA` (`TEMATICA`, `DESCRIPCION`) VALUES ('Viajes', NULL);
# 23 records

